# Created by Mesh Terrain Editor
# Available at the Unity Asset Store - http://u3d.as/xsv 

v 0 0.5859733 0
v -408.1633 1.171947 0
v -816.3265 1.464933 0
v -1224.49 2.050906 0
v -1632.653 2.577086 0
v -2040.816 3.222853 0
v -2448.979 3.51584 0
v -2857.143 4.143669 0
v -3265.306 4.687786 0
v -3673.469 4.687786 0
v -4081.633 4.687786 0
v -4489.796 4.687786 0
v -4897.959 4.687786 0
v -5306.123 4.394799 0
v -5714.286 4.0181 0
v -6122.449 3.51584 0
v -6530.612 2.63688 0
v -6938.775 2.343893 0
v -7346.939 1.464933 0
v -7755.102 0.8789599 0
v -8163.266 0.5859733 0
v -8571.429 0.2929866 0
v -8979.592 0 0
v -9387.755 0 0
v -9795.918 0 0
v -10204.08 0 0
v -10612.25 0 0
v -11020.41 0 0
v -11428.57 0 0
v -11836.73 0 0
v -12244.9 0 0
v -12653.06 0 0
v -13061.22 0 0
v -13469.39 0 0
v -13877.55 0 0
v -14285.71 0 0
v -14693.88 0 0
v -15102.04 0 0
v -15510.2 0 0
v -15918.37 0 0
v -16326.53 0 0
v -16734.69 0 0
v -17142.86 0 0
v -17551.02 0 0
v -17959.18 0 0
v -18367.35 0 0
v -18775.51 0 0
v -19183.67 0 0
v -19591.84 0 0
v -20000 0 0
v 0 2.63688 408.1633
v -408.1633 3.354398 408.1633
v -816.3265 4.233358 408.1633
v -1224.49 5.112318 408.1633
v -1632.653 6.224471 408.1633
v -2040.816 7.82095 408.1633
v -2448.979 8.466716 408.1633
v -2857.143 9.094544 408.1633
v -3265.306 10.35618 408.1633
v -3673.469 11.1036 408.1633
v -4081.633 11.39658 408.1633
v -4489.796 11.23514 408.1633
v -4897.959 10.81061 408.1633
v -5306.123 10.51762 408.1633
v -5714.286 9.931649 408.1633
v -6122.449 8.837433 408.1633
v -6530.612 7.587756 408.1633
v -6938.775 6.415809 408.1633
v -7346.939 4.926959 408.1633
v -7755.102 3.78491 408.1633
v -8163.266 2.481415 408.1633
v -8571.429 1.596478 408.1633
v -8979.592 0.8789599 408.1633
v -9387.755 0.5859733 408.1633
v -9795.918 0 408.1633
v -10204.08 0 408.1633
v -10612.25 0 408.1633
v -11020.41 0 408.1633
v -11428.57 0 408.1633
v -11836.73 0 408.1633
v -12244.9 0 408.1633
v -12653.06 0 408.1633
v -13061.22 0 408.1633
v -13469.39 0 408.1633
v -13877.55 0 408.1633
v -14285.71 0 408.1633
v -14693.88 0 408.1633
v -15102.04 0 408.1633
v -15510.2 0 408.1633
v -15918.37 0 408.1633
v -16326.53 0 408.1633
v -16734.69 0 408.1633
v -17142.86 0 408.1633
v -17551.02 0 408.1633
v -17959.18 0 408.1633
v -18367.35 0 408.1633
v -18775.51 0 408.1633
v -19183.67 0 408.1633
v -19591.84 0 408.1633
v -20000 0 408.1633
v 0 5.799939 816.3265
v -408.1633 7.557859 816.3265
v -816.3265 9.285882 816.3265
v -1224.49 11.17535 816.3265
v -1632.653 13.38769 816.3265
v -2040.816 15.80334 816.3265
v -2448.979 17.39982 816.3265
v -2857.143 18.33857 816.3265
v -3265.306 19.8035 816.3265
v -3673.469 21.26844 816.3265
v -4081.633 21.85441 816.3265
v -4489.796 21.82451 816.3265
v -4897.959 20.97545 816.3265
v -5306.123 20.40742 816.3265
v -5714.286 19.42681 816.3265
v -6122.449 18.04558 816.3265
v -6530.612 16.31756 816.3265
v -6938.775 14.08129 816.3265
v -7346.939 11.60586 816.3265
v -7755.102 9.453304 816.3265
v -8163.266 7.001782 816.3265
v -8571.429 5.243863 816.3265
v -8979.592 3.52182 816.3265
v -9387.755 2.313996 816.3265
v -9795.918 1.171947 816.3265
v -10204.08 0.2929866 816.3265
v -10612.25 0 816.3265
v -11020.41 0 816.3265
v -11428.57 0 816.3265
v -11836.73 0 816.3265
v -12244.9 0 816.3265
v -12653.06 0 816.3265
v -13061.22 0 816.3265
v -13469.39 0 816.3265
v -13877.55 0 816.3265
v -14285.71 0 816.3265
v -14693.88 0 816.3265
v -15102.04 0 816.3265
v -15510.2 0 816.3265
v -15918.37 0 816.3265
v -16326.53 0 816.3265
v -16734.69 0 816.3265
v -17142.86 0 816.3265
v -17551.02 0 816.3265
v -17959.18 0 816.3265
v -18367.35 0 816.3265
v -18775.51 0 816.3265
v -19183.67 0 816.3265
v -19591.84 0 816.3265
v -20000 0 816.3265
v 0 11.33679 1224.49
v -408.1633 14.49985 1224.49
v -816.3265 17.85425 1224.49
v -1224.49 21.20864 1224.49
v -1632.653 24.76634 1224.49
v -2040.816 28.12074 1224.49
v -2448.979 31.47514 1224.49
v -2857.143 33.3646 1224.49
v -3265.306 34.88933 1224.49
v -3673.469 36.36622 1224.49
v -4081.633 37.23322 1224.49
v -4489.796 37.52621 1224.49
v -4897.959 37.23322 1224.49
v -5306.123 36.10911 1224.49
v -5714.286 34.21964 1224.49
v -6122.449 32.22853 1224.49
v -6530.612 29.16712 1224.49
v -6938.775 25.62736 1224.49
v -7346.939 21.7707 1224.49
v -7755.102 18.02167 1224.49
v -8163.266 14.66727 1224.49
v -8571.429 11.62978 1224.49
v -8979.592 8.735785 1224.49
v -9387.755 6.260345 1224.49
v -9795.918 4.077895 1224.49
v -10204.08 2.37977 1224.49
v -10612.25 1.171947 1224.49
v -11020.41 0.3587629 1224.49
v -11428.57 0 1224.49
v -11836.73 0 1224.49
v -12244.9 0 1224.49
v -12653.06 0 1224.49
v -13061.22 0 1224.49
v -13469.39 0 1224.49
v -13877.55 0 1224.49
v -14285.71 0 1224.49
v -14693.88 0 1224.49
v -15102.04 0 1224.49
v -15510.2 0 1224.49
v -15918.37 0 1224.49
v -16326.53 0 1224.49
v -16734.69 0 1224.49
v -17142.86 0 1224.49
v -17551.02 0 1224.49
v -17959.18 0 1224.49
v -18367.35 0 1224.49
v -18775.51 0 1224.49
v -19183.67 0 1224.49
v -19591.84 0 1224.49
v -20000 0 1224.49
v 0 20.26989 1632.653
v -408.1633 25.08922 1632.653
v -816.3265 30.40483 1632.653
v -1224.49 35.58891 1632.653
v -1632.653 41.65194 1632.653
v -2040.816 47.35023 1632.653
v -2448.979 52.37285 1632.653
v -2857.143 55.75715 1632.653
v -3265.306 57.47321 1632.653
v -3673.469 58.93814 1632.653
v -4081.633 60.11009 1632.653
v -4489.796 60.40308 1632.653
v -4897.959 60.11009 1632.653
v -5306.123 58.98598 1632.653
v -5714.286 56.27734 1632.653
v -6122.449 53.23388 1632.653
v -6530.612 48.4564 1632.653
v -6938.775 43.34408 1632.653
v -7346.939 37.68166 1632.653
v -7755.102 31.85183 1632.653
v -8163.266 26.08179 1632.653
v -8571.429 21.31627 1632.653
v -8979.592 16.8258 1632.653
v -9387.755 13.26213 1632.653
v -9795.918 9.614744 1632.653
v -10204.08 6.553334 1632.653
v -10612.25 4.335006 1632.653
v -11020.41 2.248227 1632.653
v -11428.57 0.8789599 1632.653
v -11836.73 0.2929866 1632.653
v -12244.9 0 1632.653
v -12653.06 0 1632.653
v -13061.22 0 1632.653
v -13469.39 0 1632.653
v -13877.55 0 1632.653
v -14285.71 0 1632.653
v -14693.88 0 1632.653
v -15102.04 0 1632.653
v -15510.2 0 1632.653
v -15918.37 0 1632.653
v -16326.53 0 1632.653
v -16734.69 0 1632.653
v -17142.86 0 1632.653
v -17551.02 0 1632.653
v -17959.18 0 1632.653
v -18367.35 0 1632.653
v -18775.51 0 1632.653
v -19183.67 0 1632.653
v -19591.84 0 1632.653
v -20000 0 1632.653
v 0 32.88028 2040.816
v -408.1633 40.08536 2040.816
v -816.3265 47.90631 2040.816
v -1224.49 55.56581 2040.816
v -1632.653 65.80241 2040.816
v -2040.816 73.59347 2040.816
v -2448.979 81.18122 2040.816
v -2857.143 87.11271 2040.816
v -3265.306 89.41474 2040.816
v -3673.469 90.23391 2040.816
v -4081.633 91.10091 2040.816
v -4489.796 91.3939 2040.816
v -4897.959 91.3939 2040.816
v -5306.123 89.68382 2040.816
v -5714.286 86.6224 2040.816
v -6122.449 81.88081 2040.816
v -6530.612 75.39324 2040.816
v -6938.775 68.42732 2040.816
v -7346.939 60.34329 2040.816
v -7755.102 51.96627 2040.816
v -8163.266 43.00326 2040.816
v -8571.429 35.33778 2040.816
v -8979.592 28.74259 2040.816
v -9387.755 23.24161 2040.816
v -9795.918 17.11879 2040.816
v -10204.08 12.96914 2040.816
v -10612.25 9.028775 2040.816
v -11020.41 5.967365 2040.816
v -11428.57 3.420167 2040.816
v -11836.73 1.464933 2040.816
v -12244.9 0.2929866 2040.816
v -12653.06 0 2040.816
v -13061.22 0 2040.816
v -13469.39 0 2040.816
v -13877.55 0 2040.816
v -14285.71 0 2040.816
v -14693.88 0 2040.816
v -15102.04 0 2040.816
v -15510.2 0 2040.816
v -15918.37 0 2040.816
v -16326.53 0 2040.816
v -16734.69 0 2040.816
v -17142.86 0 2040.816
v -17551.02 0 2040.816
v -17959.18 0 2040.816
v -18367.35 0 2040.816
v -18775.51 0 2040.816
v -19183.67 0 2040.816
v -19591.84 0 2040.816
v -20000 0 2040.816
v 0 51.61348 2448.979
v -408.1633 60.91132 2448.979
v -816.3265 72.05678 2448.979
v -1224.49 82.90924 2448.979
v -1632.653 98.06681 2448.979
v -2040.816 108.7877 2448.979
v -2448.979 119.7717 2448.979
v -2857.143 128.2385 2448.979
v -3265.306 132.0473 2448.979
v -3673.469 132.5495 2448.979
v -4081.633 131.9038 2448.979
v -4489.796 132.5495 2448.979
v -4897.959 132.9561 2448.979
v -5306.123 131.4254 2448.979
v -5714.286 127.4851 2448.979
v -6122.449 120.274 2448.979
v -6530.612 111.7654 2448.979
v -6938.775 102.3779 2448.979
v -7346.939 92.29079 2448.979
v -7755.102 81.0138 2448.979
v -8163.266 66.40034 2448.979
v -8571.429 56.03818 2448.979
v -8979.592 46.06468 2448.979
v -9387.755 37.74146 2448.979
v -9795.918 29.04753 2448.979
v -10204.08 22.36265 2448.979
v -10612.25 16.62251 2448.979
v -11020.41 11.50421 2448.979
v -11428.57 7.653524 2448.979
v -11836.73 4.299128 2448.979
v -12244.9 1.823692 2448.979
v -12653.06 0.7892703 2448.979
v -13061.22 0 2448.979
v -13469.39 0 2448.979
v -13877.55 0 2448.979
v -14285.71 0 2448.979
v -14693.88 0 2448.979
v -15102.04 0 2448.979
v -15510.2 0 2448.979
v -15918.37 0 2448.979
v -16326.53 0 2448.979
v -16734.69 0 2448.979
v -17142.86 0 2448.979
v -17551.02 0 2448.979
v -17959.18 0 2448.979
v -18367.35 0 2448.979
v -18775.51 0 2448.979
v -19183.67 0 2448.979
v -19591.84 0 2448.979
v -20000 0 2448.979
v 0 76.88808 2857.143
v -408.1633 89.60011 2857.143
v -816.3265 103.4542 2857.143
v -1224.49 118.0557 2857.143
v -1632.653 135.6827 2857.143
v -2040.816 153.2021 2857.143
v -2448.979 168.862 2857.143
v -2857.143 180.2287 2857.143
v -3265.306 185.4725 2857.143
v -3673.469 186.2857 2857.143
v -4081.633 184.8327 2857.143
v -4489.796 184.8327 2857.143
v -4897.959 185.1257 2857.143
v -5306.123 183.9597 2857.143
v -5714.286 178.7637 2857.143
v -6122.449 169.8665 2857.143
v -6530.612 158.7509 2857.143
v -6938.775 146.2781 2857.143
v -7346.939 134.152 2857.143
v -7755.102 120.9377 2857.143
v -8163.266 101.7142 2857.143
v -8571.429 84.21274 2857.143
v -8979.592 69.95805 2857.143
v -9387.755 58.50763 2857.143
v -9795.918 45.61025 2857.143
v -10204.08 36.1151 2857.143
v -10612.25 26.86509 2857.143
v -11020.41 19.97692 2857.143
v -11428.57 13.2681 2857.143
v -11836.73 8.86733 2857.143
v -12244.9 5.178091 2857.143
v -12653.06 2.409667 2857.143
v -13061.22 0.8789599 2857.143
v -13469.39 0 2857.143
v -13877.55 0 2857.143
v -14285.71 0 2857.143
v -14693.88 0 2857.143
v -15102.04 0 2857.143
v -15510.2 0 2857.143
v -15918.37 0 2857.143
v -16326.53 0 2857.143
v -16734.69 0 2857.143
v -17142.86 0 2857.143
v -17551.02 0 2857.143
v -17959.18 0 2857.143
v -18367.35 0 2857.143
v -18775.51 0 2857.143
v -19183.67 0 2857.143
v -19591.84 0 2857.143
v -20000 0 2857.143
v 0 110.1929 3265.306
v -408.1633 126.7257 3265.306
v -816.3265 145.1061 3265.306
v -1224.49 163.7496 3265.306
v -1632.653 182.8954 3265.306
v -2040.816 207.3508 3265.306
v -2448.979 228.3263 3265.306
v -2857.143 242.85 3265.306
v -3265.306 250.8563 3265.306
v -3673.469 252.8833 3265.306
v -4081.633 250.9759 3265.306
v -4489.796 250.39 3265.306
v -4897.959 250.6829 3265.306
v -5306.123 248.2135 3265.306
v -5714.286 242.264 3265.306
v -6122.449 230.9751 3265.306
v -6530.612 216.9596 3265.306
v -6938.775 201.7721 3265.306
v -7346.939 186.1183 3265.306
v -7755.102 174.9848 3265.306
v -8163.266 145.6323 3265.306
v -8571.429 121.6731 3265.306
v -8979.592 101.3255 3265.306
v -9387.755 85.64176 3265.306
v -9795.918 68.45123 3265.306
v -10204.08 55.08747 3265.306
v -10612.25 42.34554 3265.306
v -11020.41 32.07308 3265.306
v -11428.57 22.15935 3265.306
v -11836.73 15.27715 3265.306
v -12244.9 9.584846 3265.306
v -12653.06 5.764063 3265.306
v -13061.22 2.99564 3265.306
v -13469.39 1.106177 3265.306
v -13877.55 0.09566458 3265.306
v -14285.71 0 3265.306
v -14693.88 0 3265.306
v -15102.04 0 3265.306
v -15510.2 0 3265.306
v -15918.37 0 3265.306
v -16326.53 0 3265.306
v -16734.69 0 3265.306
v -17142.86 0 3265.306
v -17551.02 0 3265.306
v -17959.18 0 3265.306
v -18367.35 0 3265.306
v -18775.51 0 3265.306
v -19183.67 0 3265.306
v -19591.84 0 3265.306
v -20000 0 3265.306
v 0 152.8254 3673.469
v -408.1633 173.9862 3673.469
v -816.3265 196.2771 3673.469
v -1224.49 219.9253 3673.469
v -1632.653 243.3164 3673.469
v -2040.816 271.5568 3673.469
v -2448.979 298.2126 3673.469
v -2857.143 317.5855 3673.469
v -3265.306 329.1077 3673.469
v -3673.469 334.3276 3673.469
v -4081.633 332.7431 3673.469
v -4489.796 331.4217 3673.469
v -4897.959 330.7221 3673.469
v -5306.123 327.6607 3673.469
v -5714.286 318.7694 3673.469
v -6122.449 305.2024 3673.469
v -6530.612 288.2869 3673.469
v -6938.775 269.6015 3673.469
v -7346.939 250.0372 3673.469
v -7755.102 233.313 3673.469
v -8163.266 200.3909 3673.469
v -8571.429 174.8353 3673.469
v -8979.592 143.115 3673.469
v -9387.755 116.9614 3673.469
v -9795.918 98.38371 3673.469
v -10204.08 80.2066 3673.469
v -10612.25 63.47048 3673.469
v -11020.41 47.35623 3673.469
v -11428.57 34.84148 3673.469
v -11836.73 24.62881 3673.469
v -12244.9 16.44911 3673.469
v -12653.06 10.91226 3673.469
v -13061.22 6.643026 3673.469
v -13469.39 3.288629 3673.469
v -13877.55 1.10617 3673.469
v -14285.71 0.2929866 3673.469
v -14693.88 0 3673.469
v -15102.04 0 3673.469
v -15510.2 0 3673.469
v -15918.37 0 3673.469
v -16326.53 0 3673.469
v -16734.69 0 3673.469
v -17142.86 0 3673.469
v -17551.02 0 3673.469
v -17959.18 0 3673.469
v -18367.35 0 3673.469
v -18775.51 0 3673.469
v -19183.67 0 3673.469
v -19591.84 0 3673.469
v -20000 0 3673.469
v 0 204.7379 4081.633
v -408.1633 230.8376 4081.633
v -816.3265 259.6579 4081.633
v -1224.49 287.9222 4081.633
v -1632.653 317.7112 4081.633
v -2040.816 346.5016 4081.633
v -2448.979 379.346 4081.633
v -2857.143 403.9808 4081.633
v -3265.306 419.7124 4081.633
v -3673.469 429.4407 4081.633
v -4081.633 430.1463 4081.633
v -4489.796 429.1358 4081.633
v -4897.959 426.9533 4081.633
v -5306.123 421.5002 4081.633
v -5714.286 409.7508 4081.633
v -6122.449 392.8293 4081.633
v -6530.612 372.7927 4081.633
v -6938.775 349.8679 4081.633
v -7346.939 325.8191 4081.633
v -7755.102 302.5775 4081.633
v -8163.266 268.1365 4081.633
v -8571.429 231.9856 4081.633
v -8979.592 194.2262 4081.633
v -9387.755 159.8392 4081.633
v -9795.918 136.8666 4081.633
v -10204.08 110.9822 4081.633
v -10612.25 87.84818 4081.633
v -11020.41 68.75622 4081.633
v -11428.57 52.31903 4081.633
v -11836.73 37.01796 4081.633
v -12244.9 26.53024 4081.633
v -12653.06 17.78848 4081.633
v -13061.22 11.49824 4081.633
v -13469.39 6.936014 4081.633
v -13877.55 3.288622 4081.633
v -14285.71 1.106173 4081.633
v -14693.88 0 4081.633
v -15102.04 0 4081.633
v -15510.2 0 4081.633
v -15918.37 0 4081.633
v -16326.53 0 4081.633
v -16734.69 0 4081.633
v -17142.86 0 4081.633
v -17551.02 0 4081.633
v -17959.18 0 4081.633
v -18367.35 0 4081.633
v -18775.51 0 4081.633
v -19183.67 0 4081.633
v -19591.84 0 4081.633
v -20000 0 4081.633
v 0 264.7582 4489.796
v -408.1633 300.7538 4489.796
v -816.3265 336.1394 4489.796
v -1224.49 369.4681 4489.796
v -1632.653 405.4696 4489.796
v -2040.816 439.9702 4489.796
v -2448.979 469.813 4489.796
v -2857.143 504.2719 4489.796
v -3265.306 524.0634 4489.796
v -3673.469 540.2076 4489.796
v -4081.633 544.6921 4489.796
v -4489.796 545.6846 4489.796
v -4897.959 542.0731 4489.796
v -5306.123 532.5002 4489.796
v -5714.286 516.5414 4489.796
v -6122.449 495.4344 4489.796
v -6530.612 473.0658 4489.796
v -6938.775 445.3277 4489.796
v -7346.939 415.5208 4489.796
v -7755.102 381.0142 4489.796
v -8163.266 344.3489 4489.796
v -8571.429 301.555 4489.796
v -8979.592 255.7534 4489.796
v -9387.755 213.5753 4489.796
v -9795.918 185.2094 4489.796
v -10204.08 150.35 4489.796
v -10612.25 121.0453 4489.796
v -11020.41 97.95921 4489.796
v -11428.57 74.89692 4489.796
v -11836.73 54.65096 4489.796
v -12244.9 40.37834 4489.796
v -12653.06 27.85167 4489.796
v -13061.22 18.68538 4489.796
v -13469.39 12.04833 4489.796
v -13877.55 6.936006 4489.796
v -14285.71 3.288622 4489.796
v -14693.88 1.106173 4489.796
v -15102.04 0 4489.796
v -15510.2 0 4489.796
v -15918.37 0 4489.796
v -16326.53 0 4489.796
v -16734.69 0 4489.796
v -17142.86 0 4489.796
v -17551.02 0 4489.796
v -17959.18 0 4489.796
v -18367.35 0 4489.796
v -18775.51 0 4489.796
v -19183.67 0 4489.796
v -19591.84 0 4489.796
v -20000 0 4489.796
v 0 340.881 4897.959
v -408.1633 383.1189 4897.959
v -816.3265 425.0339 4897.959
v -1224.49 464.4974 4897.959
v -1632.653 508.0687 4897.959
v -2040.816 549.3978 4897.959
v -2448.979 584.2572 4897.959
v -2857.143 617.5022 4897.959
v -3265.306 644.6902 4897.959
v -3673.469 668.3265 4897.959
v -4081.633 678.4374 4897.959
v -4489.796 682.2702 4897.959
v -4897.959 676.8171 4897.959
v -5306.123 663.1723 4897.959
v -5714.286 641.3657 4897.959
v -6122.449 614.955 4897.959
v -6530.612 590.7328 4897.959
v -6938.775 556.3577 4897.959
v -7346.939 521.8271 4897.959
v -7755.102 481.0602 4897.959
v -8163.266 425.6019 4897.959
v -8571.429 379.4296 4897.959
v -8979.592 324.5874 4897.959
v -9387.755 278.2536 4897.959
v -9795.918 243.6513 4897.959
v -10204.08 195.9303 4897.959
v -10612.25 164.796 4897.959
v -11020.41 134.3553 4897.959
v -11428.57 103.6395 4897.959
v -11836.73 78.03608 4897.959
v -12244.9 57.98146 4897.959
v -12653.06 41.20947 4897.959
v -13061.22 29.90856 4897.959
v -13469.39 19.25342 4897.959
v -13877.55 11.79121 4897.959
v -14285.71 6.433743 4897.959
v -14693.88 2.702652 4897.959
v -15102.04 0.8131881 4897.959
v -15510.2 0 4897.959
v -15918.37 0 4897.959
v -16326.53 0 4897.959
v -16734.69 0 4897.959
v -17142.86 0 4897.959
v -17551.02 0 4897.959
v -17959.18 0 4897.959
v -18367.35 0 4897.959
v -18775.51 0 4897.959
v -19183.67 0 4897.959
v -19591.84 0 4897.959
v -20000 0 4897.959
v 0 429.7934 5306.123
v -408.1633 477.7177 5306.123
v -816.3265 526.778 5306.123
v -1224.49 573.8173 5306.123
v -1632.653 626.0526 5306.123
v -2040.816 674.1981 5306.123
v -2448.979 721.5244 5306.123
v -2857.143 752.3179 5306.123
v -3265.306 784.355 5306.123
v -3673.469 817.1396 5306.123
v -4081.633 834.4677 5306.123
v -4489.796 840.9433 5306.123
v -4897.959 829.7261 5306.123
v -5306.123 812.105 5306.123
v -5714.286 784.953 5306.123
v -6122.449 756.6827 5306.123
v -6530.612 727.0433 5306.123
v -6938.775 688.5962 5306.123
v -7346.939 646.2328 5306.123
v -7755.102 594.5715 5306.123
v -8163.266 529.5523 5306.123
v -8571.429 472.0074 5306.123
v -8979.592 406.1393 5306.123
v -9387.755 354.9562 5306.123
v -9795.918 307.8332 5306.123
v -10204.08 255.4484 5306.123
v -10612.25 217.0493 5306.123
v -11020.41 173.8607 5306.123
v -11428.57 135.9218 5306.123
v -11836.73 107.825 5306.123
v -12244.9 82.43685 5306.123
v -12653.06 60.45689 5306.123
v -13061.22 42.33957 5306.123
v -13469.39 28.19848 5306.123
v -13877.55 17.54331 5306.123
v -14285.71 10.87638 5306.123
v -14693.88 5.764061 5306.123
v -15102.04 2.116678 5306.123
v -15510.2 0.5859733 5306.123
v -15918.37 0 5306.123
v -16326.53 0 5306.123
v -16734.69 0 5306.123
v -17142.86 0 5306.123
v -17551.02 0 5306.123
v -17959.18 0 5306.123
v -18367.35 0 5306.123
v -18775.51 0 5306.123
v -19183.67 0 5306.123
v -19591.84 0 5306.123
v -20000 0 5306.123
v 0 530.8918 5714.286
v -408.1633 586.1946 5714.286
v -816.3265 639.9127 5714.286
v -1224.49 696.0825 5714.286
v -1632.653 759.5829 5714.286
v -2040.816 819.1548 5714.286
v -2448.979 882.9781 5714.286
v -2857.143 916.7134 5714.286
v -3265.306 953.4384 5714.286
v -3673.469 991.3951 5714.286
v -4081.633 1015.767 5714.286
v -4489.796 1023.145 5714.286
v -4897.959 1006.636 5714.286
v -5306.123 987.3352 5714.286
v -5714.286 952.6252 5714.286
v -6122.449 923.7152 5714.286
v -6530.612 883.5342 5714.286
v -6938.775 845.5236 5714.286
v -7346.939 793.6112 5714.286
v -7755.102 732.5803 5714.286
v -8163.266 650.556 5714.286
v -8571.429 581.5367 5714.286
v -8979.592 497.7963 5714.286
v -9387.755 443.3904 5714.286
v -9795.918 377.5581 5714.286
v -10204.08 325 5714.286
v -10612.25 279.4675 5714.286
v -11020.41 230.5088 5714.286
v -11428.57 178.4288 5714.286
v -11836.73 144.8789 5714.286
v -12244.9 109.5411 5714.286
v -12653.06 80.70289 5714.286
v -13061.22 57.86787 5714.286
v -13469.39 40.15713 5714.286
v -13877.55 26.30899 5714.286
v -14285.71 16.53281 5714.286
v -14693.88 9.447326 5714.286
v -15102.04 4.41274 5714.286
v -15510.2 1.464933 5714.286
v -15918.37 0.2929866 5714.286
v -16326.53 0 5714.286
v -16734.69 0 5714.286
v -17142.86 0 5714.286
v -17551.02 0 5714.286
v -17959.18 0 5714.286
v -18367.35 0 5714.286
v -18775.51 0 5714.286
v -19183.67 0 5714.286
v -19591.84 0 5714.286
v -20000 0 5714.286
v 0 650.1912 6122.449
v -408.1633 707.3594 6122.449
v -816.3265 767.2782 6122.449
v -1224.49 835.9746 6122.449
v -1632.653 911.7505 6122.449
v -2040.816 981.9477 6122.449
v -2448.979 1064.965 6122.449
v -2857.143 1121.87 6122.449
v -3265.306 1162.703 6122.449
v -3673.469 1191.517 6122.449
v -4081.633 1225.659 6122.449
v -4489.796 1228.517 6122.449
v -4897.959 1211.882 6122.449
v -5306.123 1185.43 6122.449
v -5714.286 1151.109 6122.449
v -6122.449 1114.952 6122.449
v -6530.612 1069.999 6122.449
v -6938.775 1030.572 6122.449
v -7346.939 967.8724 6122.449
v -7755.102 879.4981 6122.449
v -8163.266 787.4285 6122.449
v -8571.429 705.745 6122.449
v -8979.592 608.8203 6122.449
v -9387.755 542.39 6122.449
v -9795.918 460.8799 6122.449
v -10204.08 404.9853 6122.449
v -10612.25 345.2997 6122.449
v -11020.41 286.4214 6122.449
v -11428.57 229.6895 6122.449
v -11836.73 185.1436 6122.449
v -12244.9 139.0072 6122.449
v -12653.06 105.6247 6122.449
v -13061.22 77.70127 6122.449
v -13469.39 54.13678 6122.449
v -13877.55 36.5097 6122.449
v -14285.71 23.03233 6122.449
v -14693.88 13.81223 6122.449
v -15102.04 7.653529 6122.449
v -15510.2 3.127186 6122.449
v -15918.37 0.8789599 6122.449
v -16326.53 0 6122.449
v -16734.69 0 6122.449
v -17142.86 0 6122.449
v -17551.02 0 6122.449
v -17959.18 0 6122.449
v -18367.35 0 6122.449
v -18775.51 0 6122.449
v -19183.67 0 6122.449
v -19591.84 0 6122.449
v -20000 0 6122.449
v 0 759.224 6530.612
v -408.1633 842.7311 6530.612
v -816.3265 910.5905 6530.612
v -1224.49 992.6327 6530.612
v -1632.653 1077.712 6530.612
v -2040.816 1161.495 6530.612
v -2448.979 1257.158 6530.612
v -2857.143 1353.628 6530.612
v -3265.306 1434.845 6530.612
v -3673.469 1425.416 6530.612
v -4081.633 1462.201 6530.612
v -4489.796 1459.002 6530.612
v -4897.959 1448.46 6530.612
v -5306.123 1416.871 6530.612
v -5714.286 1382.879 6530.612
v -6122.449 1334.088 6530.612
v -6530.612 1296.077 6530.612
v -6938.775 1242.831 6530.612
v -7346.939 1164.09 6530.612
v -7755.102 1053.951 6530.612
v -8163.266 946.2211 6530.612
v -8571.429 835.3228 6530.612
v -8979.592 731.5338 6530.612
v -9387.755 649.1745 6530.612
v -9795.918 560.4176 6530.612
v -10204.08 501.5094 6530.612
v -10612.25 417.8528 6530.612
v -11020.41 345.7721 6530.612
v -11428.57 288.6754 6530.612
v -11836.73 232.9602 6530.612
v -12244.9 174.3569 6530.612
v -12653.06 135.2522 6530.612
v -13061.22 98.80827 6530.612
v -13469.39 70.13744 6530.612
v -13877.55 48.3607 6530.612
v -14285.71 31.84584 6530.612
v -14693.88 19.59422 6530.612
v -15102.04 11.12153 6530.612
v -15510.2 5.602623 6530.612
v -15918.37 2.050906 6530.612
v -16326.53 0.2929866 6530.612
v -16734.69 0 6530.612
v -17142.86 0 6530.612
v -17551.02 0 6530.612
v -17959.18 0 6530.612
v -18367.35 0 6530.612
v -18775.51 0 6530.612
v -19183.67 0 6530.612
v -19591.84 0 6530.612
v -20000 0 6530.612
v 0 846.5102 6938.775
v -408.1633 968.7513 6938.775
v -816.3265 1067.332 6938.775
v -1224.49 1160.676 6938.775
v -1632.653 1258.724 6938.775
v -2040.816 1351.165 6938.775
v -2448.979 1464.754 6938.775
v -2857.143 1591.689 6938.775
v -3265.306 1697.421 6938.775
v -3673.469 1725.757 6938.775
v -4081.633 1725.65 6938.775
v -4489.796 1717.542 6938.775
v -4897.959 1711.963 6938.775
v -5306.123 1686.031 6938.775
v -5714.286 1652.893 6938.775
v -6122.449 1600.921 6938.775
v -6530.612 1552.829 6938.775
v -6938.775 1485.245 6938.775
v -7346.939 1385.839 6938.775
v -7755.102 1255.275 6938.775
v -8163.266 1123.765 6938.775
v -8571.429 974.7487 6938.775
v -8979.592 868.5978 6938.775
v -9387.755 758.1119 6938.775
v -9795.918 670.7302 6938.775
v -10204.08 584.323 6938.775
v -10612.25 494.6094 6938.775
v -11020.41 419.9218 6938.775
v -11428.57 350.8006 6938.775
v -11836.73 274.4567 6938.775
v -12244.9 216.3437 6938.775
v -12653.06 167.1399 6938.775
v -13061.22 124.0948 6938.775
v -13469.39 89.19952 6938.775
v -13877.55 61.93974 6938.775
v -14285.71 41.59214 6938.775
v -14693.88 26.54818 6938.775
v -15102.04 15.94685 6938.775
v -15510.2 8.646101 6938.775
v -15918.37 3.844707 6938.775
v -16326.53 1.076275 6938.775
v -16734.69 0.06577177 6938.775
v -17142.86 0 6938.775
v -17551.02 0 6938.775
v -17959.18 0 6938.775
v -18367.35 0 6938.775
v -18775.51 0 6938.775
v -19183.67 0 6938.775
v -19591.84 0 6938.775
v -20000 0 6938.775
v 0 959.8781 7346.939
v -408.1633 1082.914 7346.939
v -816.3265 1230.484 7346.939
v -1224.49 1342.465 7346.939
v -1632.653 1453.459 7346.939
v -2040.816 1564.381 7346.939
v -2448.979 1676.051 7346.939
v -2857.143 1871.067 7346.939
v -3265.306 2000.865 7346.939
v -3673.469 2063.917 7346.939
v -4081.633 2017.404 7346.939
v -4489.796 2003.467 7346.939
v -4897.959 2012.382 7346.939
v -5306.123 1990.713 7346.939
v -5714.286 1969.707 7346.939
v -6122.449 1918.088 7346.939
v -6530.612 1845.224 7346.939
v -6938.775 1754.805 7346.939
v -7346.939 1614.063 7346.939
v -7755.102 1484.695 7346.939
v -8163.266 1329.555 7346.939
v -8571.429 1149.698 7346.939
v -8979.592 1019.48 7346.939
v -9387.755 890.6973 7346.939
v -9795.918 784.2056 7346.939
v -10204.08 672.2609 7346.939
v -10612.25 579.3064 7346.939
v -11020.41 494.4121 7346.939
v -11428.57 408.1243 7346.939
v -11836.73 327.278 7346.939
v -12244.9 260.794 7346.939
v -12653.06 199.6555 7346.939
v -13061.22 149.5966 7346.939
v -13469.39 109.7504 7346.939
v -13877.55 77.32452 7346.939
v -14285.71 53.9454 7346.939
v -14693.88 35.57695 7346.939
v -15102.04 22.18328 7346.939
v -15510.2 12.58647 7346.939
v -15918.37 6.463651 7346.939
v -16326.53 2.086779 7346.939
v -16734.69 0.2929866 7346.939
v -17142.86 0 7346.939
v -17551.02 0 7346.939
v -17959.18 0 7346.939
v -18367.35 0 7346.939
v -18775.51 0 7346.939
v -19183.67 0 7346.939
v -19591.84 0 7346.939
v -20000 0 7346.939
v 0 1089.928 7755.102
v -408.1633 1226.89 7755.102
v -816.3265 1387.932 7755.102
v -1224.49 1549.224 7755.102
v -1632.653 1668.218 7755.102
v -2040.816 1802.119 7755.102
v -2448.979 1922.196 7755.102
v -2857.143 2070.01 7755.102
v -3265.306 2304.8 7755.102
v -3673.469 2339.211 7755.102
v -4081.633 2333.286 7755.102
v -4489.796 2313.972 7755.102
v -4897.959 2343.122 7755.102
v -5306.123 2338.613 7755.102
v -5714.286 2359.344 7755.102
v -6122.449 2306.074 7755.102
v -6530.612 2187.54 7755.102
v -6938.775 2060.808 7755.102
v -7346.939 1898.219 7755.102
v -7755.102 1737.937 7755.102
v -8163.266 1528.613 7755.102
v -8571.429 1342.518 7755.102
v -8979.592 1182.117 7755.102
v -9387.755 1036.85 7755.102
v -9795.918 907.8578 7755.102
v -10204.08 790.0056 7755.102
v -10612.25 679.8486 7755.102
v -11020.41 569.4047 7755.102
v -11428.57 469.4721 7755.102
v -11836.73 379.1007 7755.102
v -12244.9 301.0826 7755.102
v -12653.06 237.0142 7755.102
v -13061.22 182.3214 7755.102
v -13469.39 137.064 7755.102
v -13877.55 98.15047 7755.102
v -14285.71 68.09246 7755.102
v -14693.88 45.40694 7755.102
v -15102.04 28.71269 7755.102
v -15510.2 16.80189 7755.102
v -15918.37 9.076612 7755.102
v -16326.53 3.976242 7755.102
v -16734.69 1.052357 7755.102
v -17142.86 0.04185396 7755.102
v -17551.02 0 7755.102
v -17959.18 0 7755.102
v -18367.35 0 7755.102
v -18775.51 0 7755.102
v -19183.67 0 7755.102
v -19591.84 0 7755.102
v -20000 0 7755.102
v 0 1271.161 8163.266
v -408.1633 1402.437 8163.266
v -816.3265 1580.567 8163.266
v -1224.49 1770.895 8163.266
v -1632.653 1924.815 8163.266
v -2040.816 2072.354 8163.266
v -2448.979 2200.563 8163.266
v -2857.143 2311.838 8163.266
v -3265.306 2502.578 8163.266
v -3673.469 2621.429 8163.266
v -4081.633 2667.297 8163.266
v -4489.796 2616.538 8163.266
v -4897.959 2680.457 8163.266
v -5306.123 2718.504 8163.266
v -5714.286 2789.945 8163.266
v -6122.449 2780.258 8163.266
v -6530.612 2600.107 8163.266
v -6938.775 2431.502 8163.266
v -7346.939 2227.165 8163.266
v -7755.102 2004.705 8163.266
v -8163.266 1751.396 8163.266
v -8571.429 1557.499 8163.266
v -8979.592 1383.19 8163.266
v -9387.755 1206.077 8163.266
v -9795.918 1055.727 8163.266
v -10204.08 910.3813 8163.266
v -10612.25 769.5026 8163.266
v -11020.41 643.2733 8163.266
v -11428.57 533.7558 8163.266
v -11836.73 444.7477 8163.266
v -12244.9 355.9847 8163.266
v -12653.06 279.7186 8163.266
v -13061.22 215.4708 8163.266
v -13469.39 161.3101 8163.266
v -13877.55 117.3202 8163.266
v -14285.71 83.05273 8163.266
v -14693.88 56.18169 8163.266
v -15102.04 36.99405 8163.266
v -15510.2 22.47627 8163.266
v -15918.37 12.437 8163.266
v -16326.53 5.877665 8163.266
v -16734.69 1.92534 8163.266
v -17142.86 0.3348406 8163.266
v -17551.02 0 8163.266
v -17959.18 0 8163.266
v -18367.35 0 8163.266
v -18775.51 0 8163.266
v -19183.67 0 8163.266
v -19591.84 0 8163.266
v -20000 0 8163.266
v 0 1448.317 8571.429
v -408.1633 1603.97 8571.429
v -816.3265 1800.415 8571.429
v -1224.49 2021.997 8571.429
v -1632.653 2216.085 8571.429
v -2040.816 2402.293 8571.429
v -2448.979 2518.83 8571.429
v -2857.143 2642.949 8571.429
v -3265.306 2725.553 8571.429
v -3673.469 2893.105 8571.429
v -4081.633 2985.713 8571.429
v -4489.796 2932.396 8571.429
v -4897.959 3063.773 8571.429
v -5306.123 3122.801 8571.429
v -5714.286 3229.634 8571.429
v -6122.449 3215.558 8571.429
v -6530.612 3072.108 8571.429
v -6938.775 2874.588 8571.429
v -7346.939 2596.041 8571.429
v -7755.102 2356.593 8571.429
v -8163.266 2044.024 8571.429
v -8571.429 1800.445 8571.429
v -8979.592 1581.626 8571.429
v -9387.755 1376.696 8571.429
v -9795.918 1201.389 8571.429
v -10204.08 1026.793 8571.429
v -10612.25 886.2548 8571.429
v -11020.41 745.5974 8571.429
v -11428.57 619.0388 8571.429
v -11836.73 503.4706 8571.429
v -12244.9 403.6698 8571.429
v -12653.06 319.8517 8571.429
v -13061.22 247.8667 8571.429
v -13469.39 192.5282 8571.429
v -13877.55 142.2778 8571.429
v -14285.71 101.75 8571.429
v -14693.88 69.55741 8571.429
v -15102.04 45.70592 8571.429
v -15510.2 28.28817 8571.429
v -15918.37 16.37737 8571.429
v -16326.53 8.353101 8571.429
v -16734.69 3.103264 8571.429
v -17142.86 0.7533935 8571.429
v -17551.02 0 8571.429
v -17959.18 0 8571.429
v -18367.35 0 8571.429
v -18775.51 0 8571.429
v -19183.67 0 8571.429
v -19591.84 0 8571.429
v -20000 0 8571.429
v 0 1626.751 8979.592
v -408.1633 1859.048 8979.592
v -816.3265 2127.137 8979.592
v -1224.49 2334.171 8979.592
v -1632.653 2531.088 8979.592
v -2040.816 2795.236 8979.592
v -2448.979 2888.495 8979.592
v -2857.143 3001.791 8979.592
v -3265.306 3066.015 8979.592
v -3673.469 3142.904 8979.592
v -4081.633 3263.393 8979.592
v -4489.796 3243.936 8979.592
v -4897.959 3350.679 8979.592
v -5306.123 3508.682 8979.592
v -5714.286 3691.303 8979.592
v -6122.449 3649.944 8979.592
v -6530.612 3507.235 8979.592
v -6938.775 3289.683 8979.592
v -7346.939 2976.595 8979.592
v -7755.102 2691.71 8979.592
v -8163.266 2342.386 8979.592
v -8571.429 2051.331 8979.592
v -8979.592 1785.168 8979.592
v -9387.755 1554.354 8979.592
v -9795.918 1370.753 8979.592
v -10204.08 1188.21 8979.592
v -10612.25 1003.677 8979.592
v -11020.41 835.915 8979.592
v -11428.57 692.2734 8979.592
v -11836.73 569.1772 8979.592
v -12244.9 466.1776 8979.592
v -12653.06 372.0273 8979.592
v -13061.22 289.5725 8979.592
v -13469.39 220.4934 8979.592
v -13877.55 163.6359 8979.592
v -14285.71 119.1678 8979.592
v -14693.88 83.39355 8979.592
v -15102.04 55.84684 8979.592
v -15510.2 34.96108 8979.592
v -15918.37 21.01134 8979.592
v -16326.53 11.13348 8979.592
v -16734.69 4.861184 8979.592
v -17142.86 1.47091 8979.592
v -17551.02 0.2929866 8979.592
v -17959.18 0 8979.592
v -18367.35 0 8979.592
v -18775.51 0 8979.592
v -19183.67 0 8979.592
v -19591.84 0 8979.592
v -20000 0 8979.592
v 0 1803.141 9387.755
v -408.1633 2088.792 9387.755
v -816.3265 2410.024 9387.755
v -1224.49 2702.76 9387.755
v -1632.653 2865.194 9387.755
v -2040.816 3189.656 9387.755
v -2448.979 3291.998 9387.755
v -2857.143 3376.642 9387.755
v -3265.306 3432.757 9387.755
v -3673.469 3475.39 9387.755
v -4081.633 3534.011 9387.755
v -4489.796 3569.708 9387.755
v -4897.959 3674.626 9387.755
v -5306.123 3829.263 9387.755
v -5714.286 4035.933 9387.755
v -6122.449 4072.843 9387.755
v -6530.612 3927.319 9387.755
v -6938.775 3743.012 9387.755
v -7346.939 3398.244 9387.755
v -7755.102 3021.972 9387.755
v -8163.266 2668.576 9387.755
v -8571.429 2323.061 9387.755
v -8979.592 2017.578 9387.755
v -9387.755 1757.244 9387.755
v -9795.918 1530.777 9387.755
v -10204.08 1311.085 9387.755
v -10612.25 1112.955 9387.755
v -11020.41 939.2317 9387.755
v -11428.57 781.0066 9387.755
v -11836.73 647.8771 9387.755
v -12244.9 524.1651 9387.755
v -12653.06 415.5508 9387.755
v -13061.22 326.5666 9387.755
v -13469.39 253.7923 9387.755
v -13877.55 193.1499 9387.755
v -14285.71 140.9026 9387.755
v -14693.88 99.13113 9387.755
v -15102.04 66.93848 9387.755
v -15510.2 43.13482 9387.755
v -15918.37 25.81274 9387.755
v -16326.53 14.19489 9387.755
v -16734.69 6.595185 9387.755
v -17142.86 2.385747 9387.755
v -17551.02 0.5859733 9387.755
v -17959.18 0 9387.755
v -18367.35 0 9387.755
v -18775.51 0 9387.755
v -19183.67 0 9387.755
v -19591.84 0 9387.755
v -20000 0 9387.755
v 0 1990.509 9795.918
v -408.1633 2286.731 9795.918
v -816.3265 2631.558 9795.918
v -1224.49 3015.604 9795.918
v -1632.653 3268.206 9795.918
v -2040.816 3557.163 9795.918
v -2448.979 3703.818 9795.918
v -2857.143 3816.055 9795.918
v -3265.306 3799.792 9795.918
v -3673.469 3811.828 9795.918
v -4081.633 3868.859 9795.918
v -4489.796 3903.832 9795.918
v -4897.959 3951.379 9795.918
v -5306.123 4058.014 9795.918
v -5714.286 4204.615 9795.918
v -6122.449 4344.992 9795.918
v -6530.612 4295.848 9795.918
v -6938.775 4020.518 9795.918
v -7346.939 3658.368 9795.918
v -7755.102 3334.379 9795.918
v -8163.266 2926.87 9795.918
v -8571.429 2553.373 9795.918
v -8979.592 2214.602 9795.918
v -9387.755 1931.768 9795.918
v -9795.918 1674.574 9795.918
v -10204.08 1447.013 9795.918
v -10612.25 1237.516 9795.918
v -11020.41 1042.19 9795.918
v -11428.57 866.1819 9795.918
v -11836.73 717.2192 9795.918
v -12244.9 587.2527 9795.918
v -12653.06 471.1285 9795.918
v -13061.22 370.7776 9795.918
v -13469.39 285.5365 9795.918
v -13877.55 215.2255 9795.918
v -14285.71 157.549 9795.918
v -14693.88 112.3036 9795.918
v -15102.04 77.68332 9795.918
v -15510.2 50.72258 9795.918
v -15918.37 30.82939 9795.918
v -16326.53 17.2563 9795.918
v -16734.69 8.550421 9795.918
v -17142.86 3.264707 9795.918
v -17551.02 0.7892703 9795.918
v -17959.18 0 9795.918
v -18367.35 0 9795.918
v -18775.51 0 9795.918
v -19183.67 0 9795.918
v -19591.84 0 9795.918
v -20000 0 9795.918
v 0 2263.154 10204.08
v -408.1633 2452.059 10204.08
v -816.3265 2774.213 10204.08
v -1224.49 3189.967 10204.08
v -1632.653 3632.95 10204.08
v -2040.816 3988.534 10204.08
v -2448.979 4099.134 10204.08
v -2857.143 4167.573 10204.08
v -3265.306 4134.334 10204.08
v -3673.469 4119.153 10204.08
v -4081.633 4133.683 10204.08
v -4489.796 4165.301 10204.08
v -4897.959 4208.783 10204.08
v -5306.123 4292.463 10204.08
v -5714.286 4416.032 10204.08
v -6122.449 4496.615 10204.08
v -6530.612 4504.323 10204.08
v -6938.775 4331.245 10204.08
v -7346.939 3924.657 10204.08
v -7755.102 3563.698 10204.08
v -8163.266 3203.426 10204.08
v -8571.429 2785.615 10204.08
v -8979.592 2411.406 10204.08
v -9387.755 2099.405 10204.08
v -9795.918 1818.717 10204.08
v -10204.08 1569.769 10204.08
v -10612.25 1341.502 10204.08
v -11020.41 1137.093 10204.08
v -11428.57 956.1168 10204.08
v -11836.73 787.7333 10204.08
v -12244.9 640.8096 10204.08
v -12653.06 514.6041 10204.08
v -13061.22 406.7791 10204.08
v -13469.39 315.0983 10204.08
v -13877.55 240.6795 10204.08
v -14285.71 177.9206 10204.08
v -14693.88 127.2698 10204.08
v -15102.04 87.22631 10204.08
v -15510.2 56.82746 10204.08
v -15918.37 35.20625 10204.08
v -16326.53 20.31771 10204.08
v -16734.69 10.54751 10204.08
v -17142.86 4.436653 10204.08
v -17551.02 1.148029 10204.08
v -17959.18 0.06577178 10204.08
v -18367.35 0 10204.08
v -18775.51 0 10204.08
v -19183.67 0 10204.08
v -19591.84 0 10204.08
v -20000 0 10204.08
v 0 2395.142 10612.25
v -408.1633 2713.947 10612.25
v -816.3265 2980.379 10612.25
v -1224.49 3408.989 10612.25
v -1632.653 3957.513 10612.25
v -2040.816 4263.439 10612.25
v -2448.979 4319.95 10612.25
v -2857.143 4454.515 10612.25
v -3265.306 4421.707 10612.25
v -3673.469 4383.337 10612.25
v -4081.633 4368.209 10612.25
v -4489.796 4396.067 10612.25
v -4897.959 4426 10612.25
v -5306.123 4468.704 10612.25
v -5714.286 4542.136 10612.25
v -6122.449 4599.627 10612.25
v -6530.612 4622.289 10612.25
v -6938.775 4549.55 10612.25
v -7346.939 4220.358 10612.25
v -7755.102 3808.198 10612.25
v -8163.266 3355.282 10612.25
v -8571.429 2939.122 10612.25
v -8979.592 2567.035 10612.25
v -9387.755 2271.19 10612.25
v -9795.918 1956.511 10612.25
v -10204.08 1688.273 10612.25
v -10612.25 1439.724 10612.25
v -11020.41 1217.629 10612.25
v -11428.57 1018.152 10612.25
v -11836.73 843.61 10612.25
v -12244.9 693.2661 10612.25
v -12653.06 558.875 10612.25
v -13061.22 442.4637 10612.25
v -13469.39 344.08 10612.25
v -13877.55 261.1706 10612.25
v -14285.71 193.395 10612.25
v -14693.88 137.8711 10612.25
v -15102.04 94.94561 10612.25
v -15510.2 62.63935 10612.25
v -15918.37 39.19445 10612.25
v -16326.53 22.8051 10612.25
v -16734.69 11.94667 10612.25
v -17142.86 5.261796 10612.25
v -17551.02 1.572559 10612.25
v -17959.18 0.2929866 10612.25
v -18367.35 0 10612.25
v -18775.51 0 10612.25
v -19183.67 0 10612.25
v -19591.84 0 10612.25
v -20000 0 10612.25
v 0 2478.834 11020.41
v -408.1633 2842.7 11020.41
v -816.3265 3208.945 11020.41
v -1224.49 3644.694 11020.41
v -1632.653 4114.345 11020.41
v -2040.816 4313.188 11020.41
v -2448.979 4556.038 11020.41
v -2857.143 4674.84 11020.41
v -3265.306 4600.279 11020.41
v -3673.469 4545.933 11020.41
v -4081.633 4514.015 11020.41
v -4489.796 4543.158 11020.41
v -4897.959 4577.39 11020.41
v -5306.123 4601.851 11020.41
v -5714.286 4646.81 11020.41
v -6122.449 4681.316 11020.41
v -6530.612 4704.779 11020.41
v -6938.775 4660.789 11020.41
v -7346.939 4511.175 11020.41
v -7755.102 4138.316 11020.41
v -8163.266 3667.157 11020.41
v -8571.429 3117.323 11020.41
v -8979.592 2695.937 11020.41
v -9387.755 2350.895 11020.41
v -9795.918 2035.689 11020.41
v -10204.08 1766.596 11020.41
v -10612.25 1521.713 11020.41
v -11020.41 1292.729 11020.41
v -11428.57 1079.53 11020.41
v -11836.73 897.8783 11020.41
v -12244.9 737.4473 11020.41
v -12653.06 595.588 11020.41
v -13061.22 473.0299 11020.41
v -13469.39 366.9449 11020.41
v -13877.55 278.5106 11020.41
v -14285.71 206.6512 11020.41
v -14693.88 148.8013 11020.41
v -15102.04 103.215 11020.41
v -15510.2 68.15827 11020.41
v -15918.37 42.31566 11020.41
v -16326.53 24.6587 11020.41
v -16734.69 13.4116 11020.41
v -17142.86 5.979313 11020.41
v -17551.02 2.254204 11020.41
v -17959.18 0.2929866 11020.41
v -18367.35 0 11020.41
v -18775.51 0 11020.41
v -19183.67 0 11020.41
v -19591.84 0 11020.41
v -20000 0 11020.41
v 0 2578.366 11428.57
v -408.1633 2902.057 11428.57
v -816.3265 3287.226 11428.57
v -1224.49 3769.901 11428.57
v -1632.653 4163.125 11428.57
v -2040.816 4494.373 11428.57
v -2448.979 4781.602 11428.57
v -2857.143 4710.807 11428.57
v -3265.306 4663.002 11428.57
v -3673.469 4619.711 11428.57
v -4081.633 4595.597 11428.57
v -4489.796 4619.771 11428.57
v -4897.959 4651.862 11428.57
v -5306.123 4686.363 11428.57
v -5714.286 4703.9 11428.57
v -6122.449 4707.745 11428.57
v -6530.612 4725.39 11428.57
v -6938.775 4679.134 11428.57
v -7346.939 4550.19 11428.57
v -7755.102 4262.597 11428.57
v -8163.266 3810.608 11428.57
v -8571.429 3306.145 11428.57
v -8979.592 2900.951 11428.57
v -9387.755 2454.325 11428.57
v -9795.918 2135.58 11428.57
v -10204.08 1842.097 11428.57
v -10612.25 1583.18 11428.57
v -11020.41 1350.101 11428.57
v -11428.57 1131.054 11428.57
v -11836.73 939.9668 11428.57
v -12244.9 771.3561 11428.57
v -12653.06 621.0839 11428.57
v -13061.22 492.8156 11428.57
v -13469.39 385.4808 11428.57
v -13877.55 295.456 11428.57
v -14285.71 220.3259 11428.57
v -14693.88 158.1948 11428.57
v -15102.04 109.577 11428.57
v -15510.2 71.93722 11428.57
v -15918.37 45.26348 11428.57
v -16326.53 27.18197 11428.57
v -16734.69 14.75098 11428.57
v -17142.86 6.8224 11428.57
v -17551.02 2.54719 11428.57
v -17959.18 0.5859733 11428.57
v -18367.35 0 11428.57
v -18775.51 0 11428.57
v -19183.67 0 11428.57
v -19591.84 0 11428.57
v -20000 0 11428.57
v 0 2691.848 11836.73
v -408.1633 3014.235 11836.73
v -816.3265 3388.139 11836.73
v -1224.49 3796.264 11836.73
v -1632.653 4152.416 11836.73
v -2040.816 4619.179 11836.73
v -2448.979 4765.595 11836.73
v -2857.143 4741.008 11836.73
v -3265.306 4706.615 11836.73
v -3673.469 4667.827 11836.73
v -4081.633 4649.058 11836.73
v -4489.796 4672.934 11836.73
v -4897.959 4679.266 11836.73
v -5306.123 4704.247 11836.73
v -5714.286 4699.087 11836.73
v -6122.449 4691.319 11836.73
v -6530.612 4693.455 11836.73
v -6938.775 4649.793 11836.73
v -7346.939 4539.607 11836.73
v -7755.102 4268.241 11836.73
v -8163.266 3903.066 11836.73
v -8571.429 3501.991 11836.73
v -8979.592 3026.947 11836.73
v -9387.755 2550.64 11836.73
v -9795.918 2208.491 11836.73
v -10204.08 1903.331 11836.73
v -10612.25 1631.164 11836.73
v -11020.41 1385.827 11836.73
v -11428.57 1165.883 11836.73
v -11836.73 967.3999 11836.73
v -12244.9 792.7501 11836.73
v -12653.06 642.8068 11836.73
v -13061.22 513.2469 11836.73
v -13469.39 402.0794 11836.73
v -13877.55 307.1575 11836.73
v -14285.71 227.824 11836.73
v -14693.88 164.1084 11836.73
v -15102.04 114.6953 11836.73
v -15510.2 76.87015 11836.73
v -15918.37 48.32489 11836.73
v -16326.53 28.77844 11836.73
v -16734.69 15.93488 11836.73
v -17142.86 7.408374 11836.73
v -17551.02 2.840177 11836.73
v -17959.18 0.6577268 11836.73
v -18367.35 0 11836.73
v -18775.51 0 11836.73
v -19183.67 0 11836.73
v -19591.84 0 11836.73
v -20000 0 11836.73
v 0 2883.574 12244.9
v -408.1633 3232.833 12244.9
v -816.3265 3508.784 12244.9
v -1224.49 3807.959 12244.9
v -1632.653 4190.534 12244.9
v -2040.816 4588.117 12244.9
v -2448.979 4760.632 12244.9
v -2857.143 4774.941 12244.9
v -3265.306 4765.445 12244.9
v -3673.469 4716.487 12244.9
v -4081.633 4699.494 12244.9
v -4489.796 4698.124 12244.9
v -4897.959 4691.128 12244.9
v -5306.123 4699.792 12244.9
v -5714.286 4668.981 12244.9
v -6122.449 4646.164 12244.9
v -6530.612 4629.29 12244.9
v -6938.775 4565.299 12244.9
v -7346.939 4455.615 12244.9
v -7755.102 4223.958 12244.9
v -8163.266 3876.637 12244.9
v -8571.429 3408.696 12244.9
v -8979.592 3000.62 12244.9
v -9387.755 2608.137 12244.9
v -9795.918 2257.713 12244.9
v -10204.08 1944.726 12244.9
v -10612.25 1669.276 12244.9
v -11020.41 1424.172 12244.9
v -11428.57 1199.601 12244.9
v -11836.73 996.1365 12244.9
v -12244.9 815.6567 12244.9
v -12653.06 658.1437 12244.9
v -13061.22 524.4282 12244.9
v -13469.39 408.8719 12244.9
v -13877.55 313.2564 12244.9
v -14285.71 234.8317 12244.9
v -14693.88 169.9502 12244.9
v -15102.04 118.5878 12244.9
v -15510.2 79.33961 12244.9
v -15918.37 50.36981 12244.9
v -16326.53 30.09389 12244.9
v -16734.69 16.35941 12244.9
v -17142.86 7.994347 12244.9
v -17551.02 3.133163 12244.9
v -17959.18 0.795252 12244.9
v -18367.35 0 12244.9
v -18775.51 0 12244.9
v -19183.67 0 12244.9
v -19591.84 0 12244.9
v -20000 0 12244.9
v 0 3084.073 12653.06
v -408.1633 3337.704 12653.06
v -816.3265 3683.751 12653.06
v -1224.49 4072.072 12653.06
v -1632.653 4366.798 12653.06
v -2040.816 4595.932 12653.06
v -2448.979 4783.479 12653.06
v -2857.143 4846.448 12653.06
v -3265.306 4833.478 12653.06
v -3673.469 4793.022 12653.06
v -4081.633 4735.346 12653.06
v -4489.796 4702.053 12653.06
v -4897.959 4698.914 12653.06
v -5306.123 4697.359 12653.06
v -5714.286 4621.571 12653.06
v -6122.449 4572.23 12653.06
v -6530.612 4555.871 12653.06
v -6938.775 4484.25 12653.06
v -7346.939 4342.803 12653.06
v -7755.102 4053.147 12653.06
v -8163.266 3759.515 12653.06
v -8571.429 3379.308 12653.06
v -8979.592 2992.033 12653.06
v -9387.755 2624.186 12653.06
v -9795.918 2282.563 12653.06
v -10204.08 1969.695 12653.06
v -10612.25 1693.511 12653.06
v -11020.41 1441.237 12653.06
v -11428.57 1212.94 12653.06
v -11836.73 1008.908 12653.06
v -12244.9 825.9532 12653.06
v -12653.06 666.4728 12653.06
v -13061.22 531.8426 12653.06
v -13469.39 416.0651 12653.06
v -13877.55 319.7141 12653.06
v -14285.71 239.4896 12653.06
v -14693.88 173.7351 12653.06
v -15102.04 121.8944 12653.06
v -15510.2 81.81504 12653.06
v -15918.37 52.12773 12653.06
v -16326.53 31.10439 12653.06
v -16734.69 17.22043 12653.06
v -17142.86 8.329187 12653.06
v -17551.02 3.42615 12653.06
v -17959.18 0.9507134 12653.06
v -18367.35 0.2331965 12653.06
v -18775.51 0 12653.06
v -19183.67 0 12653.06
v -19591.84 0 12653.06
v -20000 0 12653.06
v 0 3257.306 13061.22
v -408.1633 3526.668 13061.22
v -816.3265 3794.906 13061.22
v -1224.49 4115.614 13061.22
v -1632.653 4509.979 13061.22
v -2040.816 4822.745 13061.22
v -2448.979 4935.521 13061.22
v -2857.143 4977.741 13061.22
v -3265.306 4949.579 13061.22
v -3673.469 4822.435 13061.22
v -4081.633 4735.381 13061.22
v -4489.796 4694.262 13061.22
v -4897.959 4668.676 13061.22
v -5306.123 4633.362 13061.22
v -5714.286 4550.662 13061.22
v -6122.449 4501.925 13061.22
v -6530.612 4458.976 13061.22
v -6938.775 4384.73 13061.22
v -7346.939 4238.757 13061.22
v -7755.102 3970.382 13061.22
v -8163.266 3646.822 13061.22
v -8571.429 3306.109 13061.22
v -8979.592 2956.014 13061.22
v -9387.755 2607.12 13061.22
v -9795.918 2271.579 13061.22
v -10204.08 1968.356 13061.22
v -10612.25 1689.517 13061.22
v -11020.41 1433.279 13061.22
v -11428.57 1206.256 13061.22
v -11836.73 1006.816 13061.22
v -12244.9 828.7574 13061.22
v -12653.06 671.6331 13061.22
v -13061.22 536.3629 13061.22
v -13469.39 420.7229 13061.22
v -13877.55 324.1627 13061.22
v -14285.71 243.137 13061.22
v -14693.88 177.0416 13061.22
v -15102.04 123.8078 13061.22
v -15510.2 82.80761 13061.22
v -15918.37 52.7137 13061.22
v -16326.53 31.82191 13061.22
v -16734.69 17.79444 13061.22
v -17142.86 8.622174 13061.22
v -17551.02 3.42615 13061.22
v -17959.18 0.9507134 13061.22
v -18367.35 0.2331965 13061.22
v -18775.51 0 13061.22
v -19183.67 0 13061.22
v -19591.84 0 13061.22
v -20000 0 13061.22
v 0 3490.786 13469.39
v -408.1633 3791.51 13469.39
v -816.3265 4059.778 13469.39
v -1224.49 4247.689 13469.39
v -1632.653 4657.507 13469.39
v -2040.816 5079.36 13469.39
v -2448.979 5125.221 13469.39
v -2857.143 5066.283 13469.39
v -3265.306 4980.444 13469.39
v -3673.469 4855.948 13469.39
v -4081.633 4750.097 13469.39
v -4489.796 4683.332 13469.39
v -4897.959 4611.759 13469.39
v -5306.123 4554.538 13469.39
v -5714.286 4482.743 13469.39
v -6122.449 4431.333 13469.39
v -6530.612 4378.41 13469.39
v -6938.775 4322.868 13469.39
v -7346.939 4161.935 13469.39
v -7755.102 3920.448 13469.39
v -8163.266 3584.273 13469.39
v -8571.429 3209.34 13469.39
v -8979.592 2865.266 13469.39
v -9387.755 2540.594 13469.39
v -9795.918 2235.034 13469.39
v -10204.08 1945.515 13469.39
v -10612.25 1672.105 13469.39
v -11020.41 1420.322 13469.39
v -11428.57 1194.279 13469.39
v -11836.73 992.2978 13469.39
v -12244.9 817.2892 13469.39
v -12653.06 666.4729 13469.39
v -13061.22 536.7097 13469.39
v -13469.39 423.7306 13469.39
v -13877.55 327.7024 13469.39
v -14285.71 247.7411 13469.39
v -14693.88 178.6381 13469.39
v -15102.04 125.0515 13469.39
v -15510.2 83.59688 13469.39
v -15918.37 53.73617 13469.39
v -16326.53 32.58129 13469.39
v -16734.69 18.09939 13469.39
v -17142.86 8.91516 13469.39
v -17551.02 3.719137 13469.39
v -17959.18 0.9507134 13469.39
v -18367.35 0.2331965 13469.39
v -18775.51 0 13469.39
v -19183.67 0 13469.39
v -19591.84 0 13469.39
v -20000 0 13469.39
v 0 3606.145 13877.55
v -408.1633 3962.005 13877.55
v -816.3265 4254.949 13877.55
v -1224.49 4610.605 13877.55
v -1632.653 4929.327 13877.55
v -2040.816 5114.189 13877.55
v -2448.979 5212.185 13877.55
v -2857.143 5180.344 13877.55
v -3265.306 5039.501 13877.55
v -3673.469 4895.998 13877.55
v -4081.633 4756.01 13877.55
v -4489.796 4626.54 13877.55
v -4897.959 4588.314 13877.55
v -5306.123 4551.978 13877.55
v -5714.286 4496.801 13877.55
v -6122.449 4453.672 13877.55
v -6530.612 4389.567 13877.55
v -6938.775 4319.604 13877.55
v -7346.939 4138.639 13877.55
v -7755.102 3886.934 13877.55
v -8163.266 3536.54 13877.55
v -8571.429 3158.605 13877.55
v -8979.592 2810.471 13877.55
v -9387.755 2481.692 13877.55
v -9795.918 2175.551 13877.55
v -10204.08 1891.45 13877.55
v -10612.25 1625.311 13877.55
v -11020.41 1386.15 13877.55
v -11428.57 1166.32 13877.55
v -11836.73 968.506 13877.55
v -12244.9 798.3705 13877.55
v -12653.06 651.3332 13877.55
v -13061.22 524.2548 13877.55
v -13469.39 415.4551 13877.55
v -13877.55 322.5124 13877.55
v -14285.71 244.1535 13877.55
v -14693.88 178.955 13877.55
v -15102.04 126.0441 13877.55
v -15510.2 84.84657 13877.55
v -15918.37 53.73617 13877.55
v -16326.53 32.2883 13877.55
v -16734.69 17.8064 13877.55
v -17142.86 8.873306 13877.55
v -17551.02 3.719137 13877.55
v -17959.18 0.9507134 13877.55
v -18367.35 0.2331965 13877.55
v -18775.51 0 13877.55
v -19183.67 0 13877.55
v -19591.84 0 13877.55
v -20000 0 13877.55
v 0 3801.543 14285.71
v -408.1633 3993.456 14285.71
v -816.3265 4311.227 14285.71
v -1224.49 4778.487 14285.71
v -1632.653 5209.003 14285.71
v -2040.816 5330.593 14285.71
v -2448.979 5342.456 14285.71
v -2857.143 5257.687 14285.71
v -3265.306 5042.312 14285.71
v -3673.469 4919.341 14285.71
v -4081.633 4784.92 14285.71
v -4489.796 4679.242 14285.71
v -4897.959 4668.969 14285.71
v -5306.123 4610.803 14285.71
v -5714.286 4566.95 14285.71
v -6122.449 4511.468 14285.71
v -6530.612 4411.871 14285.71
v -6938.775 4319.245 14285.71
v -7346.939 4183.651 14285.71
v -7755.102 3906.989 14285.71
v -8163.266 3514.087 14285.71
v -8571.429 3122.526 14285.71
v -8979.592 2751.222 14285.71
v -9387.755 2415.944 14285.71
v -9795.918 2103.243 14285.71
v -10204.08 1823.333 14285.71
v -10612.25 1566.564 14285.71
v -11020.41 1334.357 14285.71
v -11428.57 1125.947 14285.71
v -11836.73 938.4241 14285.71
v -12244.9 773.2216 14285.71
v -12653.06 628.821 14285.71
v -13061.22 505.4977 14285.71
v -13469.39 399.305 14285.71
v -13877.55 309.5552 14285.71
v -14285.71 235.3101 14285.71
v -14693.88 173.3404 14285.71
v -15102.04 123.5567 14285.71
v -15510.2 83.68059 14285.71
v -15918.37 53.88565 14285.71
v -16326.53 32.2883 14285.71
v -16734.69 17.68682 14285.71
v -17142.86 8.329187 14285.71
v -17551.02 3.42615 14285.71
v -17959.18 0.9507134 14285.71
v -18367.35 0.2331965 14285.71
v -18775.51 0 14285.71
v -19183.67 0 14285.71
v -19591.84 0 14285.71
v -20000 0 14285.71
v 0 3781.913 14693.88
v -408.1633 4075.079 14693.88
v -816.3265 4471.663 14693.88
v -1224.49 4889.863 14693.88
v -1632.653 5264.216 14693.88
v -2040.816 5619.418 14693.88
v -2448.979 5536.981 14693.88
v -2857.143 5356.663 14693.88
v -3265.306 5141.934 14693.88
v -3673.469 4946.685 14693.88
v -4081.633 4872.816 14693.88
v -4489.796 4768.07 14693.88
v -4897.959 4741.953 14693.88
v -5306.123 4715.16 14693.88
v -5714.286 4645.213 14693.88
v -6122.449 4523.074 14693.88
v -6530.612 4398.112 14693.88
v -6938.775 4190.851 14693.88
v -7346.939 3999.805 14693.88
v -7755.102 3822.13 14693.88
v -8163.266 3438.353 14693.88
v -8571.429 3045.47 14693.88
v -8979.592 2677.156 14693.88
v -9387.755 2336.771 14693.88
v -9795.918 2020.986 14693.88
v -10204.08 1745.925 14693.88
v -10612.25 1498.053 14693.88
v -11020.41 1274.869 14693.88
v -11428.57 1075.667 14693.88
v -11836.73 895.3969 14693.88
v -12244.9 736.67 14693.88
v -12653.06 600.1502 14693.88
v -13061.22 481.3113 14693.88
v -13469.39 378.7899 14693.88
v -13877.55 292.6517 14693.88
v -14285.71 220.6727 14693.88
v -14693.88 161.9439 14693.88
v -15102.04 115.7118 14693.88
v -15510.2 79.12434 14693.88
v -15918.37 51.49392 14693.88
v -16326.53 31.37346 14693.88
v -16734.69 17.17259 14693.88
v -17142.86 8.239498 14693.88
v -17551.02 3.42615 14693.88
v -17959.18 0.9507134 14693.88
v -18367.35 0.2331965 14693.88
v -18775.51 0 14693.88
v -19183.67 0 14693.88
v -19591.84 0 14693.88
v -20000 0 14693.88
v 0 3634.756 15102.04
v -408.1633 3860.589 15102.04
v -816.3265 4302.317 15102.04
v -1224.49 4772.907 15102.04
v -1632.653 5171.322 15102.04
v -2040.816 5498.104 15102.04
v -2448.979 5615.507 15102.04
v -2857.143 5465.038 15102.04
v -3265.306 5212.747 15102.04
v -3673.469 5049.069 15102.04
v -4081.633 4915.108 15102.04
v -4489.796 4862.556 15102.04
v -4897.959 4787.443 15102.04
v -5306.123 4728.619 15102.04
v -5714.286 4610.982 15102.04
v -6122.449 4449.492 15102.04
v -6530.612 4267.907 15102.04
v -6938.775 4034.82 15102.04
v -7346.939 3816.282 15102.04
v -7755.102 3551.674 15102.04
v -8163.266 3285.444 15102.04
v -8571.429 2927.821 15102.04
v -8979.592 2558.318 15102.04
v -9387.755 2233.084 15102.04
v -9795.918 1942.28 15102.04
v -10204.08 1671.327 15102.04
v -10612.25 1428.053 15102.04
v -11020.41 1208.457 15102.04
v -11428.57 1013.847 15102.04
v -11836.73 843.4845 15102.04
v -12244.9 695.3888 15102.04
v -12653.06 565.3267 15102.04
v -13061.22 451.7914 15102.04
v -13469.39 354.0535 15102.04
v -13877.55 271.8795 15102.04
v -14285.71 204.2236 15102.04
v -14693.88 149.2259 15102.04
v -15102.04 105.6486 15102.04
v -15510.2 71.96112 15102.04
v -15918.37 46.82407 15102.04
v -16326.53 28.59308 15102.04
v -16734.69 16.0425 15102.04
v -17142.86 7.70136 15102.04
v -17551.02 2.840177 15102.04
v -17959.18 0.6577268 15102.04
v -18367.35 0 15102.04
v -18775.51 0 15102.04
v -19183.67 0 15102.04
v -19591.84 0 15102.04
v -20000 0 15102.04
v 0 3468.914 15510.2
v -408.1633 3721.696 15510.2
v -816.3265 4163.944 15510.2
v -1224.49 4558.484 15510.2
v -1632.653 4896.584 15510.2
v -2040.816 5291.931 15510.2
v -2448.979 5505.482 15510.2
v -2857.143 5351.568 15510.2
v -3265.306 5141.754 15510.2
v -3673.469 4921.099 15510.2
v -4081.633 4920.645 15510.2
v -4489.796 4843.302 15510.2
v -4897.959 4764.938 15510.2
v -5306.123 4704.714 15510.2
v -5714.286 4533.215 15510.2
v -6122.449 4387.075 15510.2
v -6530.612 4136.619 15510.2
v -6938.775 3870.078 15510.2
v -7346.939 3549.103 15510.2
v -7755.102 3213.866 15510.2
v -8163.266 2948.181 15510.2
v -8571.429 2717.397 15510.2
v -8979.592 2399.896 15510.2
v -9387.755 2082.705 15510.2
v -9795.918 1834.461 15510.2
v -10204.08 1582.66 15510.2
v -10612.25 1342.333 15510.2
v -11020.41 1137.392 15510.2
v -11428.57 956.7208 15510.2
v -11836.73 793.6827 15510.2
v -12244.9 652.4155 15510.2
v -12653.06 527.1786 15510.2
v -13061.22 420.2386 15510.2
v -13469.39 328.8866 15510.2
v -13877.55 252.674 15510.2
v -14285.71 188.4083 15510.2
v -14693.88 136.6514 15510.2
v -15102.04 95.94416 15510.2
v -15510.2 64.55275 15510.2
v -15918.37 41.25732 15510.2
v -16326.53 24.9457 15510.2
v -16734.69 13.80624 15510.2
v -17142.86 6.529414 15510.2
v -17551.02 2.54719 15510.2
v -17959.18 0.5859733 15510.2
v -18367.35 0 15510.2
v -18775.51 0 15510.2
v -19183.67 0 15510.2
v -19591.84 0 15510.2
v -20000 0 15510.2
v 0 3242.71 15918.37
v -408.1633 3488.43 15918.37
v -816.3265 3784.407 15918.37
v -1224.49 4079.128 15918.37
v -1632.653 4346.589 15918.37
v -2040.816 4766.08 15918.37
v -2448.979 5017.762 15918.37
v -2857.143 5096.831 15918.37
v -3265.306 4954.991 15918.37
v -3673.469 4785.249 15918.37
v -4081.633 4720.475 15918.37
v -4489.796 4647.677 15918.37
v -4897.959 4551.356 15918.37
v -5306.123 4436.697 15918.37
v -5714.286 4268.277 15918.37
v -6122.449 4219.373 15918.37
v -6530.612 3902.062 15918.37
v -6938.775 3639.163 15918.37
v -7346.939 3339.773 15918.37
v -7755.102 2972.936 15918.37
v -8163.266 2670.848 15918.37
v -8571.429 2386.825 15918.37
v -8979.592 2123.914 15918.37
v -9387.755 1875.515 15918.37
v -9795.918 1668.093 15918.37
v -10204.08 1485.484 15918.37
v -10612.25 1273.757 15918.37
v -11020.41 1078.885 15918.37
v -11428.57 898.4344 15918.37
v -11836.73 741.2143 15918.37
v -12244.9 606.9547 15918.37
v -12653.06 489.1083 15918.37
v -13061.22 388.5004 15918.37
v -13469.39 302.8048 15918.37
v -13877.55 231.0468 15918.37
v -14285.71 170.5421 15918.37
v -14693.88 122.4206 15918.37
v -15102.04 85.03191 15918.37
v -15510.2 56.70788 15918.37
v -15918.37 36.01347 15918.37
v -16326.53 21.57935 15918.37
v -16734.69 11.62379 15918.37
v -17142.86 5.6086 15918.37
v -17551.02 2.050906 15918.37
v -17959.18 0.3647401 15918.37
v -18367.35 0 15918.37
v -18775.51 0 15918.37
v -19183.67 0 15918.37
v -19591.84 0 15918.37
v -20000 0 15918.37
v 0 2984.021 16326.53
v -408.1633 3224.879 16326.53
v -816.3265 3430.311 16326.53
v -1224.49 3621.804 16326.53
v -1632.653 3901.296 16326.53
v -2040.816 4279.147 16326.53
v -2448.979 4441.234 16326.53
v -2857.143 4652.106 16326.53
v -3265.306 4493.583 16326.53
v -3673.469 4411.546 16326.53
v -4081.633 4265.484 16326.53
v -4489.796 4244.969 16326.53
v -4897.959 4116.719 16326.53
v -5306.123 4024.333 16326.53
v -5714.286 3936.401 16326.53
v -6122.449 3848.235 16326.53
v -6530.612 3641.441 16326.53
v -6938.775 3428.852 16326.53
v -7346.939 3177.972 16326.53
v -7755.102 2779.624 16326.53
v -8163.266 2478.822 16326.53
v -8571.429 2211.235 16326.53
v -8979.592 1935.816 16326.53
v -9387.755 1693.056 16326.53
v -9795.918 1506.866 16326.53
v -10204.08 1343.033 16326.53
v -10612.25 1182.321 16326.53
v -11020.41 1006.505 16326.53
v -11428.57 842.4319 16326.53
v -11836.73 696.6025 16326.53
v -12244.9 565.2488 16326.53
v -12653.06 455.062 16326.53
v -13061.22 360.8759 16326.53
v -13469.39 279.1505 16326.53
v -13877.55 211.2373 16326.53
v -14285.71 154.9241 16326.53
v -14693.88 109.6368 16326.53
v -15102.04 75.29755 16326.53
v -15510.2 49.4131 16326.53
v -15918.37 30.62608 16326.53
v -16326.53 17.93196 16326.53
v -16734.69 9.42938 16326.53
v -17142.86 4.185521 16326.53
v -17551.02 1.464933 16326.53
v -17959.18 0.2929866 16326.53
v -18367.35 0 16326.53
v -18775.51 0 16326.53
v -19183.67 0 16326.53
v -19591.84 0 16326.53
v -20000 0 16326.53
v 0 2768.628 16734.69
v -408.1633 2876.375 16734.69
v -816.3265 3025.87 16734.69
v -1224.49 3155.137 16734.69
v -1632.653 3491.85 16734.69
v -2040.816 3702.077 16734.69
v -2448.979 3840.725 16734.69
v -2857.143 4027.77 16734.69
v -3265.306 4041.421 16734.69
v -3673.469 3913.984 16734.69
v -4081.633 3764.98 16734.69
v -4489.796 3780.819 16734.69
v -4897.959 3676.886 16734.69
v -5306.123 3569.276 16734.69
v -5714.286 3529.227 16734.69
v -6122.449 3342.487 16734.69
v -6530.612 3225.519 16734.69
v -6938.775 3041.081 16734.69
v -7346.939 2795.379 16734.69
v -7755.102 2601.751 16734.69
v -8163.266 2278.527 16734.69
v -8571.429 1984.793 16734.69
v -8979.592 1748.526 16734.69
v -9387.755 1502.471 16734.69
v -9795.918 1333.394 16734.69
v -10204.08 1184.24 16734.69
v -10612.25 1050.291 16734.69
v -11020.41 920.1336 16734.69
v -11428.57 764.6172 16734.69
v -11836.73 631.0991 16734.69
v -12244.9 512.2183 16734.69
v -12653.06 415.7719 16734.69
v -13061.22 330.3036 16734.69
v -13469.39 254.1271 16734.69
v -13877.55 190.22 16734.69
v -14285.71 137.9488 16734.69
v -14693.88 97.31937 16734.69
v -15102.04 65.52735 16734.69
v -15510.2 42.60265 16734.69
v -15918.37 25.7948 16734.69
v -16326.53 14.56561 16734.69
v -16734.69 7.378474 16734.69
v -17142.86 3.306561 16734.69
v -17551.02 1.052357 16734.69
v -17959.18 0 16734.69
v -18367.35 0 16734.69
v -18775.51 0 16734.69
v -19183.67 0 16734.69
v -19591.84 0 16734.69
v -20000 0 16734.69
v 0 2709.164 17142.86
v -408.1633 2768.538 17142.86
v -816.3265 2955.649 17142.86
v -1224.49 2940.324 17142.86
v -1632.653 3162.073 17142.86
v -2040.816 3304.124 17142.86
v -2448.979 3355.277 17142.86
v -2857.143 3451.089 17142.86
v -3265.306 3522.01 17142.86
v -3673.469 3404.732 17142.86
v -4081.633 3457.75 17142.86
v -4489.796 3407.524 17142.86
v -4897.959 3282.61 17142.86
v -5306.123 3186.403 17142.86
v -5714.286 3025.17 17142.86
v -6122.449 2890.785 17142.86
v -6530.612 2753.41 17142.86
v -6938.775 2635.187 17142.86
v -7346.939 2454.63 17142.86
v -7755.102 2272.913 17142.86
v -8163.266 2074.273 17142.86
v -8571.429 1792.576 17142.86
v -8979.592 1584.161 17142.86
v -9387.755 1380.983 17142.86
v -9795.918 1175.755 17142.86
v -10204.08 1022.601 17142.86
v -10612.25 894.1594 17142.86
v -11020.41 790.1969 17142.86
v -11428.57 687.0117 17142.86
v -11836.73 564.5313 17142.86
v -12244.9 465.6454 17142.86
v -12653.06 377.4445 17142.86
v -13061.22 292.9149 17142.86
v -13469.39 225.8808 17142.86
v -13877.55 170.0219 17142.86
v -14285.71 122.1335 17142.86
v -14693.88 84.60735 17142.86
v -15102.04 55.64354 17142.86
v -15510.2 35.19427 17142.86
v -15918.37 21.12494 17142.86
v -16326.53 11.49224 17142.86
v -16734.69 5.662408 17142.86
v -17142.86 2.385747 17142.86
v -17551.02 0.5859733 17142.86
v -17959.18 0 17142.86
v -18367.35 0 17142.86
v -18775.51 0 17142.86
v -19183.67 0 17142.86
v -19591.84 0 17142.86
v -20000 0 17142.86
v 0 2629.507 17551.02
v -408.1633 2623.731 17551.02
v -816.3265 2734.803 17551.02
v -1224.49 2926.297 17551.02
v -1632.653 2887.479 17551.02
v -2040.816 2899.551 17551.02
v -2448.979 2912.789 17551.02
v -2857.143 2980.517 17551.02
v -3265.306 3108.379 17551.02
v -3673.469 3175.814 17551.02
v -4081.633 3226.273 17551.02
v -4489.796 3069.752 17551.02
v -4897.959 3024.824 17551.02
v -5306.123 2919.552 17551.02
v -5714.286 2729.75 17551.02
v -6122.449 2532.331 17551.02
v -6530.612 2419.364 17551.02
v -6938.775 2271.998 17551.02
v -7346.939 2155.054 17551.02
v -7755.102 1989.708 17551.02
v -8163.266 1815.919 17551.02
v -8571.429 1581.667 17551.02
v -8979.592 1424.142 17551.02
v -9387.755 1235.184 17551.02
v -9795.918 1065.102 17551.02
v -10204.08 907.571 17551.02
v -10612.25 772.6656 17551.02
v -11020.41 675.6453 17551.02
v -11428.57 571.3478 17551.02
v -11836.73 480.9405 17551.02
v -12244.9 394.6291 17551.02
v -12653.06 323.0028 17551.02
v -13061.22 251.3407 17551.02
v -13469.39 192.002 17551.02
v -13877.55 145.2974 17551.02
v -14285.71 103.1014 17551.02
v -14693.88 69.32422 17551.02
v -15102.04 45.35314 17551.02
v -15510.2 28.07889 17551.02
v -15918.37 16.89159 17551.02
v -16326.53 9.016805 17551.02
v -16734.69 4.27521 17551.02
v -17142.86 1.66823 17551.02
v -17551.02 0.2929866 17551.02
v -17959.18 0 17551.02
v -18367.35 0 17551.02
v -18775.51 0 17551.02
v -19183.67 0 17551.02
v -19591.84 0 17551.02
v -20000 0 17551.02
v 0 2531.405 17959.18
v -408.1633 2542.442 17959.18
v -816.3265 2597.464 17959.18
v -1224.49 2816.588 17959.18
v -1632.653 2780.336 17959.18
v -2040.816 2571.974 17959.18
v -2448.979 2825.491 17959.18
v -2857.143 2901.016 17959.18
v -3265.306 2946.824 17959.18
v -3673.469 3032.358 17959.18
v -4081.633 2984.978 17959.18
v -4489.796 2937.179 17959.18
v -4897.959 2885.003 17959.18
v -5306.123 2701.576 17959.18
v -5714.286 2450.008 17959.18
v -6122.449 2238.878 17959.18
v -6530.612 2116.021 17959.18
v -6938.775 1997.774 17959.18
v -7346.939 1872.657 17959.18
v -7755.102 1751.863 17959.18
v -8163.266 1606.386 17959.18
v -8571.429 1406.665 17959.18
v -8979.592 1222.125 17959.18
v -9387.755 1108.93 17959.18
v -9795.918 957.7494 17959.18
v -10204.08 819.8544 17959.18
v -10612.25 690.9942 17959.18
v -11020.41 576.263 17959.18
v -11428.57 474.3991 17959.18
v -11836.73 389.9413 17959.18
v -12244.9 318.3868 17959.18
v -12653.06 269.4222 17959.18
v -13061.22 209.3838 17959.18
v -13469.39 162.6495 17959.18
v -13877.55 117.4158 17959.18
v -14285.71 82.4847 17959.18
v -14693.88 58.77072 17959.18
v -15102.04 37.44848 17959.18
v -15510.2 22.35668 17959.18
v -15918.37 12.51473 17959.18
v -16326.53 6.236427 17959.18
v -16734.69 2.810277 17959.18
v -17142.86 0.9208139 17959.18
v -17551.02 0.2929866 17959.18
v -17959.18 0 17959.18
v -18367.35 0 17959.18
v -18775.51 0 17959.18
v -19183.67 0 17959.18
v -19591.84 0 17959.18
v -20000 0 17959.18
v 0 2433.672 18367.35
v -408.1633 2358.578 18367.35
v -816.3265 2432.848 18367.35
v -1224.49 2636.115 18367.35
v -1632.653 2648.6 18367.35
v -2040.816 2430.324 18367.35
v -2448.979 2651.571 18367.35
v -2857.143 2770.255 18367.35
v -3265.306 2865.977 18367.35
v -3673.469 2850.413 18367.35
v -4081.633 2789.879 18367.35
v -4489.796 2716.931 18367.35
v -4897.959 2687.076 18367.35
v -5306.123 2488.958 18367.35
v -5714.286 2270.85 18367.35
v -6122.449 2083.829 18367.35
v -6530.612 1882.069 18367.35
v -6938.775 1767.571 18367.35
v -7346.939 1661.886 18367.35
v -7755.102 1532.739 18367.35
v -8163.266 1389.695 18367.35
v -8571.429 1233.952 18367.35
v -8979.592 1079.279 18367.35
v -9387.755 931.9905 18367.35
v -9795.918 841.5474 18367.35
v -10204.08 724.5441 18367.35
v -10612.25 613.6277 18367.35
v -11020.41 508.7744 18367.35
v -11428.57 419.4133 18367.35
v -11836.73 339.8107 18367.35
v -12244.9 269.751 18367.35
v -12653.06 209.904 18367.35
v -13061.22 163.8813 18367.35
v -13469.39 130.3731 18367.35
v -13877.55 95.53155 18367.35
v -14285.71 66.14322 18367.35
v -14693.88 44.53398 18367.35
v -15102.04 28.10879 18367.35
v -15510.2 16.58664 18367.35
v -15918.37 9.016823 18367.35
v -16326.53 4.63995 18367.35
v -16734.69 1.931317 18367.35
v -17142.86 0.5859733 18367.35
v -17551.02 0 18367.35
v -17959.18 0 18367.35
v -18367.35 0 18367.35
v -18775.51 0 18367.35
v -19183.67 0 18367.35
v -19591.84 0 18367.35
v -20000 0 18367.35
v 0 2290.247 18775.51
v -408.1633 2261.845 18775.51
v -816.3265 2248.277 18775.51
v -1224.49 2382.872 18775.51
v -1632.653 2344.024 18775.51
v -2040.816 2400.846 18775.51
v -2448.979 2471.611 18775.51
v -2857.143 2567.591 18775.51
v -3265.306 2648.431 18775.51
v -3673.469 2710.126 18775.51
v -4081.633 2639.319 18775.51
v -4489.796 2475.426 18775.51
v -4897.959 2487.354 18775.51
v -5306.123 2348.132 18775.51
v -5714.286 2135.866 18775.51
v -6122.449 1941.622 18775.51
v -6530.612 1721.47 18775.51
v -6938.775 1578.767 18775.51
v -7346.939 1456.532 18775.51
v -7755.102 1341.914 18775.51
v -8163.266 1212.552 18775.51
v -8571.429 1085.707 18775.51
v -8979.592 953.6296 18775.51
v -9387.755 808.1586 18775.51
v -9795.918 693.7922 18775.51
v -10204.08 612.4675 18775.51
v -10612.25 524.9901 18775.51
v -11020.41 446.9003 18775.51
v -11428.57 362.1313 18775.51
v -11836.73 292.8131 18775.51
v -12244.9 230.2575 18775.51
v -12653.06 179.2181 18775.51
v -13061.22 135.3538 18775.51
v -13469.39 99.29856 18775.51
v -13877.55 70.90272 18775.51
v -14285.71 52.94682 18775.51
v -14693.88 34.54848 18775.51
v -15102.04 21.75276 18775.51
v -15510.2 12.64626 18775.51
v -15918.37 6.541377 18775.51
v -16326.53 3.03151 18775.51
v -16734.69 1.052357 18775.51
v -17142.86 0.2929866 18775.51
v -17551.02 0 18775.51
v -17959.18 0 18775.51
v -18367.35 0 18775.51
v -18775.51 0 18775.51
v -19183.67 0 18775.51
v -19591.84 0 18775.51
v -20000 0 18775.51
v 0 2164.274 19183.67
v -408.1633 2113.946 19183.67
v -816.3265 1971.71 19183.67
v -1224.49 2054.153 19183.67
v -1632.653 2095.518 19183.67
v -2040.816 2376.086 19183.67
v -2448.979 2292.704 19183.67
v -2857.143 2315.335 19183.67
v -3265.306 2418.61 19183.67
v -3673.469 2475.324 19183.67
v -4081.633 2458.971 19183.67
v -4489.796 2348.354 19183.67
v -4897.959 2298.623 19183.67
v -5306.123 2225.036 19183.67
v -5714.286 2033.046 19183.67
v -6122.449 1805.318 19183.67
v -6530.612 1608.598 19183.67
v -6938.775 1417.385 19183.67
v -7346.939 1283.042 19183.67
v -7755.102 1161.082 19183.67
v -8163.266 1038.141 19183.67
v -8571.429 933.0486 19183.67
v -8979.592 818.1801 19183.67
v -9387.755 705.2784 19183.67
v -9795.918 596.9452 19183.67
v -10204.08 509.9581 19183.67
v -10612.25 442.3321 19183.67
v -11020.41 371.4831 19183.67
v -11428.57 317.119 19183.67
v -11836.73 246.9876 19183.67
v -12244.9 197.7659 19183.67
v -12653.06 150.9838 19183.67
v -13061.22 112.5009 19183.67
v -13469.39 81.78515 19183.67
v -13877.55 57.90368 19183.67
v -14285.71 39.58905 19183.67
v -14693.88 25.53168 19183.67
v -15102.04 15.54623 19183.67
v -15510.2 8.723826 19183.67
v -15918.37 4.508407 19183.67
v -16326.53 2.062861 19183.67
v -16734.69 0.5859733 19183.67
v -17142.86 0 19183.67
v -17551.02 0 19183.67
v -17959.18 0 19183.67
v -18367.35 0 19183.67
v -18775.51 0 19183.67
v -19183.67 0 19183.67
v -19591.84 0 19183.67
v -20000 0 19183.67
v 0 2026.29 19591.84
v -408.1633 2221.921 19591.84
v -816.3265 2087.954 19591.84
v -1224.49 1976.817 19591.84
v -1632.653 2120.416 19591.84
v -2040.816 2344.3 19591.84
v -2448.979 2270.33 19591.84
v -2857.143 2102.209 19591.84
v -3265.306 2124.344 19591.84
v -3673.469 2180.329 19591.84
v -4081.633 2198.572 19591.84
v -4489.796 2240.51 19591.84
v -4897.959 2195.008 19591.84
v -5306.123 2102.478 19591.84
v -5714.286 1913.944 19591.84
v -6122.449 1710.432 19591.84
v -6530.612 1506.292 19591.84
v -6938.775 1296.723 19591.84
v -7346.939 1109.821 19591.84
v -7755.102 986.5038 19591.84
v -8163.266 887.857 19591.84
v -8571.429 780.2532 19591.84
v -8979.592 699.7596 19591.84
v -9387.755 606.8768 19591.84
v -9795.918 504.3136 19591.84
v -10204.08 422.1519 19591.84
v -10612.25 363.716 19591.84
v -11020.41 304.6404 19591.84
v -11428.57 250.3181 19591.84
v -11836.73 206.6691 19591.84
v -12244.9 159.6598 19591.84
v -12653.06 124.5253 19591.84
v -13061.22 92.53596 19591.84
v -13469.39 65.54532 19591.84
v -13877.55 46.1364 19591.84
v -14285.71 30.85925 19591.84
v -14693.88 19.61814 19591.84
v -15102.04 11.60586 19591.84
v -15510.2 6.134783 19591.84
v -15918.37 3.06141 19591.84
v -16326.53 1.171947 19591.84
v -16734.69 0.2929866 19591.84
v -17142.86 0 19591.84
v -17551.02 0 19591.84
v -17959.18 0 19591.84
v -18367.35 0 19591.84
v -18775.51 0 19591.84
v -19183.67 0 19591.84
v -19591.84 0 19591.84
v -20000 0 19591.84
v 0 1903.241 20000
v -408.1633 2101.348 20000
v -816.3265 2049.71 20000
v -1224.49 1861.476 20000
v -1632.653 2076.265 20000
v -2040.816 2243.135 20000
v -2448.979 2235.673 20000
v -2857.143 2218.955 20000
v -3265.306 2127.125 20000
v -3673.469 2137.505 20000
v -4081.633 2138.336 20000
v -4489.796 2066.614 20000
v -4897.959 2061.753 20000
v -5306.123 1930.758 20000
v -5714.286 1715.729 20000
v -6122.449 1526.12 20000
v -6530.612 1356.767 20000
v -6938.775 1186.572 20000
v -7346.939 980.6561 20000
v -7755.102 831.6216 20000
v -8163.266 729.9971 20000
v -8571.429 640.5943 20000
v -8979.592 568.7827 20000
v -9387.755 505.7487 20000
v -9795.918 427.33 20000
v -10204.08 356.218 20000
v -10612.25 294.1287 20000
v -11020.41 246.342 20000
v -11428.57 204.3372 20000
v -11836.73 163.1278 20000
v -12244.9 131.2281 20000
v -12653.06 97.43899 20000
v -13061.22 72.67864 20000
v -13469.39 51.30258 20000
v -13877.55 34.47673 20000
v -14285.71 23.18779 20000
v -14693.88 14.26067 20000
v -15102.04 8.137854 20000
v -15510.2 4.376863 20000
v -15918.37 1.901427 20000
v -16326.53 0.5859733 20000
v -16734.69 0 20000
v -17142.86 0 20000
v -17551.02 0 20000
v -17959.18 0 20000
v -18367.35 0 20000
v -18775.51 0 20000
v -19183.67 0 20000
v -19591.84 0 20000
v -20000 0 20000
vt 0 0
vt 0.02040816 0
vt 0.04081633 0
vt 0.06122449 0
vt 0.08163265 0
vt 0.1020408 0
vt 0.122449 0
vt 0.1428571 0
vt 0.1632653 0
vt 0.1836735 0
vt 0.2040816 0
vt 0.2244898 0
vt 0.244898 0
vt 0.2653061 0
vt 0.2857143 0
vt 0.3061225 0
vt 0.3265306 0
vt 0.3469388 0
vt 0.3673469 0
vt 0.3877551 0
vt 0.4081632 0
vt 0.4285714 0
vt 0.4489796 0
vt 0.4693877 0
vt 0.4897959 0
vt 0.5102041 0
vt 0.5306122 0
vt 0.5510204 0
vt 0.5714285 0
vt 0.5918368 0
vt 0.6122449 0
vt 0.6326531 0
vt 0.6530612 0
vt 0.6734694 0
vt 0.6938775 0
vt 0.7142857 0
vt 0.7346939 0
vt 0.755102 0
vt 0.7755102 0
vt 0.7959183 0
vt 0.8163265 0
vt 0.8367347 0
vt 0.8571429 0
vt 0.877551 0
vt 0.8979592 0
vt 0.9183673 0
vt 0.9387755 0
vt 0.9591836 0
vt 0.9795918 0
vt 1 0
vt 0 0.02040816
vt 0.02040816 0.02040816
vt 0.04081633 0.02040816
vt 0.06122449 0.02040816
vt 0.08163265 0.02040816
vt 0.1020408 0.02040816
vt 0.122449 0.02040816
vt 0.1428571 0.02040816
vt 0.1632653 0.02040816
vt 0.1836735 0.02040816
vt 0.2040816 0.02040816
vt 0.2244898 0.02040816
vt 0.244898 0.02040816
vt 0.2653061 0.02040816
vt 0.2857143 0.02040816
vt 0.3061225 0.02040816
vt 0.3265306 0.02040816
vt 0.3469388 0.02040816
vt 0.3673469 0.02040816
vt 0.3877551 0.02040816
vt 0.4081632 0.02040816
vt 0.4285714 0.02040816
vt 0.4489796 0.02040816
vt 0.4693877 0.02040816
vt 0.4897959 0.02040816
vt 0.5102041 0.02040816
vt 0.5306122 0.02040816
vt 0.5510204 0.02040816
vt 0.5714285 0.02040816
vt 0.5918368 0.02040816
vt 0.6122449 0.02040816
vt 0.6326531 0.02040816
vt 0.6530612 0.02040816
vt 0.6734694 0.02040816
vt 0.6938775 0.02040816
vt 0.7142857 0.02040816
vt 0.7346939 0.02040816
vt 0.755102 0.02040816
vt 0.7755102 0.02040816
vt 0.7959183 0.02040816
vt 0.8163265 0.02040816
vt 0.8367347 0.02040816
vt 0.8571429 0.02040816
vt 0.877551 0.02040816
vt 0.8979592 0.02040816
vt 0.9183673 0.02040816
vt 0.9387755 0.02040816
vt 0.9591836 0.02040816
vt 0.9795918 0.02040816
vt 1 0.02040816
vt 0 0.04081633
vt 0.02040816 0.04081633
vt 0.04081633 0.04081633
vt 0.06122449 0.04081633
vt 0.08163265 0.04081633
vt 0.1020408 0.04081633
vt 0.122449 0.04081633
vt 0.1428571 0.04081633
vt 0.1632653 0.04081633
vt 0.1836735 0.04081633
vt 0.2040816 0.04081633
vt 0.2244898 0.04081633
vt 0.244898 0.04081633
vt 0.2653061 0.04081633
vt 0.2857143 0.04081633
vt 0.3061225 0.04081633
vt 0.3265306 0.04081633
vt 0.3469388 0.04081633
vt 0.3673469 0.04081633
vt 0.3877551 0.04081633
vt 0.4081632 0.04081633
vt 0.4285714 0.04081633
vt 0.4489796 0.04081633
vt 0.4693877 0.04081633
vt 0.4897959 0.04081633
vt 0.5102041 0.04081633
vt 0.5306122 0.04081633
vt 0.5510204 0.04081633
vt 0.5714285 0.04081633
vt 0.5918368 0.04081633
vt 0.6122449 0.04081633
vt 0.6326531 0.04081633
vt 0.6530612 0.04081633
vt 0.6734694 0.04081633
vt 0.6938775 0.04081633
vt 0.7142857 0.04081633
vt 0.7346939 0.04081633
vt 0.755102 0.04081633
vt 0.7755102 0.04081633
vt 0.7959183 0.04081633
vt 0.8163265 0.04081633
vt 0.8367347 0.04081633
vt 0.8571429 0.04081633
vt 0.877551 0.04081633
vt 0.8979592 0.04081633
vt 0.9183673 0.04081633
vt 0.9387755 0.04081633
vt 0.9591836 0.04081633
vt 0.9795918 0.04081633
vt 1 0.04081633
vt 0 0.06122449
vt 0.02040816 0.06122449
vt 0.04081633 0.06122449
vt 0.06122449 0.06122449
vt 0.08163265 0.06122449
vt 0.1020408 0.06122449
vt 0.122449 0.06122449
vt 0.1428571 0.06122449
vt 0.1632653 0.06122449
vt 0.1836735 0.06122449
vt 0.2040816 0.06122449
vt 0.2244898 0.06122449
vt 0.244898 0.06122449
vt 0.2653061 0.06122449
vt 0.2857143 0.06122449
vt 0.3061225 0.06122449
vt 0.3265306 0.06122449
vt 0.3469388 0.06122449
vt 0.3673469 0.06122449
vt 0.3877551 0.06122449
vt 0.4081632 0.06122449
vt 0.4285714 0.06122449
vt 0.4489796 0.06122449
vt 0.4693877 0.06122449
vt 0.4897959 0.06122449
vt 0.5102041 0.06122449
vt 0.5306122 0.06122449
vt 0.5510204 0.06122449
vt 0.5714285 0.06122449
vt 0.5918368 0.06122449
vt 0.6122449 0.06122449
vt 0.6326531 0.06122449
vt 0.6530612 0.06122449
vt 0.6734694 0.06122449
vt 0.6938775 0.06122449
vt 0.7142857 0.06122449
vt 0.7346939 0.06122449
vt 0.755102 0.06122449
vt 0.7755102 0.06122449
vt 0.7959183 0.06122449
vt 0.8163265 0.06122449
vt 0.8367347 0.06122449
vt 0.8571429 0.06122449
vt 0.877551 0.06122449
vt 0.8979592 0.06122449
vt 0.9183673 0.06122449
vt 0.9387755 0.06122449
vt 0.9591836 0.06122449
vt 0.9795918 0.06122449
vt 1 0.06122449
vt 0 0.08163265
vt 0.02040816 0.08163265
vt 0.04081633 0.08163265
vt 0.06122449 0.08163265
vt 0.08163265 0.08163265
vt 0.1020408 0.08163265
vt 0.122449 0.08163265
vt 0.1428571 0.08163265
vt 0.1632653 0.08163265
vt 0.1836735 0.08163265
vt 0.2040816 0.08163265
vt 0.2244898 0.08163265
vt 0.244898 0.08163265
vt 0.2653061 0.08163265
vt 0.2857143 0.08163265
vt 0.3061225 0.08163265
vt 0.3265306 0.08163265
vt 0.3469388 0.08163265
vt 0.3673469 0.08163265
vt 0.3877551 0.08163265
vt 0.4081632 0.08163265
vt 0.4285714 0.08163265
vt 0.4489796 0.08163265
vt 0.4693877 0.08163265
vt 0.4897959 0.08163265
vt 0.5102041 0.08163265
vt 0.5306122 0.08163265
vt 0.5510204 0.08163265
vt 0.5714285 0.08163265
vt 0.5918368 0.08163265
vt 0.6122449 0.08163265
vt 0.6326531 0.08163265
vt 0.6530612 0.08163265
vt 0.6734694 0.08163265
vt 0.6938775 0.08163265
vt 0.7142857 0.08163265
vt 0.7346939 0.08163265
vt 0.755102 0.08163265
vt 0.7755102 0.08163265
vt 0.7959183 0.08163265
vt 0.8163265 0.08163265
vt 0.8367347 0.08163265
vt 0.8571429 0.08163265
vt 0.877551 0.08163265
vt 0.8979592 0.08163265
vt 0.9183673 0.08163265
vt 0.9387755 0.08163265
vt 0.9591836 0.08163265
vt 0.9795918 0.08163265
vt 1 0.08163265
vt 0 0.1020408
vt 0.02040816 0.1020408
vt 0.04081633 0.1020408
vt 0.06122449 0.1020408
vt 0.08163265 0.1020408
vt 0.1020408 0.1020408
vt 0.122449 0.1020408
vt 0.1428571 0.1020408
vt 0.1632653 0.1020408
vt 0.1836735 0.1020408
vt 0.2040816 0.1020408
vt 0.2244898 0.1020408
vt 0.244898 0.1020408
vt 0.2653061 0.1020408
vt 0.2857143 0.1020408
vt 0.3061225 0.1020408
vt 0.3265306 0.1020408
vt 0.3469388 0.1020408
vt 0.3673469 0.1020408
vt 0.3877551 0.1020408
vt 0.4081632 0.1020408
vt 0.4285714 0.1020408
vt 0.4489796 0.1020408
vt 0.4693877 0.1020408
vt 0.4897959 0.1020408
vt 0.5102041 0.1020408
vt 0.5306122 0.1020408
vt 0.5510204 0.1020408
vt 0.5714285 0.1020408
vt 0.5918368 0.1020408
vt 0.6122449 0.1020408
vt 0.6326531 0.1020408
vt 0.6530612 0.1020408
vt 0.6734694 0.1020408
vt 0.6938775 0.1020408
vt 0.7142857 0.1020408
vt 0.7346939 0.1020408
vt 0.755102 0.1020408
vt 0.7755102 0.1020408
vt 0.7959183 0.1020408
vt 0.8163265 0.1020408
vt 0.8367347 0.1020408
vt 0.8571429 0.1020408
vt 0.877551 0.1020408
vt 0.8979592 0.1020408
vt 0.9183673 0.1020408
vt 0.9387755 0.1020408
vt 0.9591836 0.1020408
vt 0.9795918 0.1020408
vt 1 0.1020408
vt 0 0.122449
vt 0.02040816 0.122449
vt 0.04081633 0.122449
vt 0.06122449 0.122449
vt 0.08163265 0.122449
vt 0.1020408 0.122449
vt 0.122449 0.122449
vt 0.1428571 0.122449
vt 0.1632653 0.122449
vt 0.1836735 0.122449
vt 0.2040816 0.122449
vt 0.2244898 0.122449
vt 0.244898 0.122449
vt 0.2653061 0.122449
vt 0.2857143 0.122449
vt 0.3061225 0.122449
vt 0.3265306 0.122449
vt 0.3469388 0.122449
vt 0.3673469 0.122449
vt 0.3877551 0.122449
vt 0.4081632 0.122449
vt 0.4285714 0.122449
vt 0.4489796 0.122449
vt 0.4693877 0.122449
vt 0.4897959 0.122449
vt 0.5102041 0.122449
vt 0.5306122 0.122449
vt 0.5510204 0.122449
vt 0.5714285 0.122449
vt 0.5918368 0.122449
vt 0.6122449 0.122449
vt 0.6326531 0.122449
vt 0.6530612 0.122449
vt 0.6734694 0.122449
vt 0.6938775 0.122449
vt 0.7142857 0.122449
vt 0.7346939 0.122449
vt 0.755102 0.122449
vt 0.7755102 0.122449
vt 0.7959183 0.122449
vt 0.8163265 0.122449
vt 0.8367347 0.122449
vt 0.8571429 0.122449
vt 0.877551 0.122449
vt 0.8979592 0.122449
vt 0.9183673 0.122449
vt 0.9387755 0.122449
vt 0.9591836 0.122449
vt 0.9795918 0.122449
vt 1 0.122449
vt 0 0.1428571
vt 0.02040816 0.1428571
vt 0.04081633 0.1428571
vt 0.06122449 0.1428571
vt 0.08163265 0.1428571
vt 0.1020408 0.1428571
vt 0.122449 0.1428571
vt 0.1428571 0.1428571
vt 0.1632653 0.1428571
vt 0.1836735 0.1428571
vt 0.2040816 0.1428571
vt 0.2244898 0.1428571
vt 0.244898 0.1428571
vt 0.2653061 0.1428571
vt 0.2857143 0.1428571
vt 0.3061225 0.1428571
vt 0.3265306 0.1428571
vt 0.3469388 0.1428571
vt 0.3673469 0.1428571
vt 0.3877551 0.1428571
vt 0.4081632 0.1428571
vt 0.4285714 0.1428571
vt 0.4489796 0.1428571
vt 0.4693877 0.1428571
vt 0.4897959 0.1428571
vt 0.5102041 0.1428571
vt 0.5306122 0.1428571
vt 0.5510204 0.1428571
vt 0.5714285 0.1428571
vt 0.5918368 0.1428571
vt 0.6122449 0.1428571
vt 0.6326531 0.1428571
vt 0.6530612 0.1428571
vt 0.6734694 0.1428571
vt 0.6938775 0.1428571
vt 0.7142857 0.1428571
vt 0.7346939 0.1428571
vt 0.755102 0.1428571
vt 0.7755102 0.1428571
vt 0.7959183 0.1428571
vt 0.8163265 0.1428571
vt 0.8367347 0.1428571
vt 0.8571429 0.1428571
vt 0.877551 0.1428571
vt 0.8979592 0.1428571
vt 0.9183673 0.1428571
vt 0.9387755 0.1428571
vt 0.9591836 0.1428571
vt 0.9795918 0.1428571
vt 1 0.1428571
vt 0 0.1632653
vt 0.02040816 0.1632653
vt 0.04081633 0.1632653
vt 0.06122449 0.1632653
vt 0.08163265 0.1632653
vt 0.1020408 0.1632653
vt 0.122449 0.1632653
vt 0.1428571 0.1632653
vt 0.1632653 0.1632653
vt 0.1836735 0.1632653
vt 0.2040816 0.1632653
vt 0.2244898 0.1632653
vt 0.244898 0.1632653
vt 0.2653061 0.1632653
vt 0.2857143 0.1632653
vt 0.3061225 0.1632653
vt 0.3265306 0.1632653
vt 0.3469388 0.1632653
vt 0.3673469 0.1632653
vt 0.3877551 0.1632653
vt 0.4081632 0.1632653
vt 0.4285714 0.1632653
vt 0.4489796 0.1632653
vt 0.4693877 0.1632653
vt 0.4897959 0.1632653
vt 0.5102041 0.1632653
vt 0.5306122 0.1632653
vt 0.5510204 0.1632653
vt 0.5714285 0.1632653
vt 0.5918368 0.1632653
vt 0.6122449 0.1632653
vt 0.6326531 0.1632653
vt 0.6530612 0.1632653
vt 0.6734694 0.1632653
vt 0.6938775 0.1632653
vt 0.7142857 0.1632653
vt 0.7346939 0.1632653
vt 0.755102 0.1632653
vt 0.7755102 0.1632653
vt 0.7959183 0.1632653
vt 0.8163265 0.1632653
vt 0.8367347 0.1632653
vt 0.8571429 0.1632653
vt 0.877551 0.1632653
vt 0.8979592 0.1632653
vt 0.9183673 0.1632653
vt 0.9387755 0.1632653
vt 0.9591836 0.1632653
vt 0.9795918 0.1632653
vt 1 0.1632653
vt 0 0.1836735
vt 0.02040816 0.1836735
vt 0.04081633 0.1836735
vt 0.06122449 0.1836735
vt 0.08163265 0.1836735
vt 0.1020408 0.1836735
vt 0.122449 0.1836735
vt 0.1428571 0.1836735
vt 0.1632653 0.1836735
vt 0.1836735 0.1836735
vt 0.2040816 0.1836735
vt 0.2244898 0.1836735
vt 0.244898 0.1836735
vt 0.2653061 0.1836735
vt 0.2857143 0.1836735
vt 0.3061225 0.1836735
vt 0.3265306 0.1836735
vt 0.3469388 0.1836735
vt 0.3673469 0.1836735
vt 0.3877551 0.1836735
vt 0.4081632 0.1836735
vt 0.4285714 0.1836735
vt 0.4489796 0.1836735
vt 0.4693877 0.1836735
vt 0.4897959 0.1836735
vt 0.5102041 0.1836735
vt 0.5306122 0.1836735
vt 0.5510204 0.1836735
vt 0.5714285 0.1836735
vt 0.5918368 0.1836735
vt 0.6122449 0.1836735
vt 0.6326531 0.1836735
vt 0.6530612 0.1836735
vt 0.6734694 0.1836735
vt 0.6938775 0.1836735
vt 0.7142857 0.1836735
vt 0.7346939 0.1836735
vt 0.755102 0.1836735
vt 0.7755102 0.1836735
vt 0.7959183 0.1836735
vt 0.8163265 0.1836735
vt 0.8367347 0.1836735
vt 0.8571429 0.1836735
vt 0.877551 0.1836735
vt 0.8979592 0.1836735
vt 0.9183673 0.1836735
vt 0.9387755 0.1836735
vt 0.9591836 0.1836735
vt 0.9795918 0.1836735
vt 1 0.1836735
vt 0 0.2040816
vt 0.02040816 0.2040816
vt 0.04081633 0.2040816
vt 0.06122449 0.2040816
vt 0.08163265 0.2040816
vt 0.1020408 0.2040816
vt 0.122449 0.2040816
vt 0.1428571 0.2040816
vt 0.1632653 0.2040816
vt 0.1836735 0.2040816
vt 0.2040816 0.2040816
vt 0.2244898 0.2040816
vt 0.244898 0.2040816
vt 0.2653061 0.2040816
vt 0.2857143 0.2040816
vt 0.3061225 0.2040816
vt 0.3265306 0.2040816
vt 0.3469388 0.2040816
vt 0.3673469 0.2040816
vt 0.3877551 0.2040816
vt 0.4081632 0.2040816
vt 0.4285714 0.2040816
vt 0.4489796 0.2040816
vt 0.4693877 0.2040816
vt 0.4897959 0.2040816
vt 0.5102041 0.2040816
vt 0.5306122 0.2040816
vt 0.5510204 0.2040816
vt 0.5714285 0.2040816
vt 0.5918368 0.2040816
vt 0.6122449 0.2040816
vt 0.6326531 0.2040816
vt 0.6530612 0.2040816
vt 0.6734694 0.2040816
vt 0.6938775 0.2040816
vt 0.7142857 0.2040816
vt 0.7346939 0.2040816
vt 0.755102 0.2040816
vt 0.7755102 0.2040816
vt 0.7959183 0.2040816
vt 0.8163265 0.2040816
vt 0.8367347 0.2040816
vt 0.8571429 0.2040816
vt 0.877551 0.2040816
vt 0.8979592 0.2040816
vt 0.9183673 0.2040816
vt 0.9387755 0.2040816
vt 0.9591836 0.2040816
vt 0.9795918 0.2040816
vt 1 0.2040816
vt 0 0.2244898
vt 0.02040816 0.2244898
vt 0.04081633 0.2244898
vt 0.06122449 0.2244898
vt 0.08163265 0.2244898
vt 0.1020408 0.2244898
vt 0.122449 0.2244898
vt 0.1428571 0.2244898
vt 0.1632653 0.2244898
vt 0.1836735 0.2244898
vt 0.2040816 0.2244898
vt 0.2244898 0.2244898
vt 0.244898 0.2244898
vt 0.2653061 0.2244898
vt 0.2857143 0.2244898
vt 0.3061225 0.2244898
vt 0.3265306 0.2244898
vt 0.3469388 0.2244898
vt 0.3673469 0.2244898
vt 0.3877551 0.2244898
vt 0.4081632 0.2244898
vt 0.4285714 0.2244898
vt 0.4489796 0.2244898
vt 0.4693877 0.2244898
vt 0.4897959 0.2244898
vt 0.5102041 0.2244898
vt 0.5306122 0.2244898
vt 0.5510204 0.2244898
vt 0.5714285 0.2244898
vt 0.5918368 0.2244898
vt 0.6122449 0.2244898
vt 0.6326531 0.2244898
vt 0.6530612 0.2244898
vt 0.6734694 0.2244898
vt 0.6938775 0.2244898
vt 0.7142857 0.2244898
vt 0.7346939 0.2244898
vt 0.755102 0.2244898
vt 0.7755102 0.2244898
vt 0.7959183 0.2244898
vt 0.8163265 0.2244898
vt 0.8367347 0.2244898
vt 0.8571429 0.2244898
vt 0.877551 0.2244898
vt 0.8979592 0.2244898
vt 0.9183673 0.2244898
vt 0.9387755 0.2244898
vt 0.9591836 0.2244898
vt 0.9795918 0.2244898
vt 1 0.2244898
vt 0 0.244898
vt 0.02040816 0.244898
vt 0.04081633 0.244898
vt 0.06122449 0.244898
vt 0.08163265 0.244898
vt 0.1020408 0.244898
vt 0.122449 0.244898
vt 0.1428571 0.244898
vt 0.1632653 0.244898
vt 0.1836735 0.244898
vt 0.2040816 0.244898
vt 0.2244898 0.244898
vt 0.244898 0.244898
vt 0.2653061 0.244898
vt 0.2857143 0.244898
vt 0.3061225 0.244898
vt 0.3265306 0.244898
vt 0.3469388 0.244898
vt 0.3673469 0.244898
vt 0.3877551 0.244898
vt 0.4081632 0.244898
vt 0.4285714 0.244898
vt 0.4489796 0.244898
vt 0.4693877 0.244898
vt 0.4897959 0.244898
vt 0.5102041 0.244898
vt 0.5306122 0.244898
vt 0.5510204 0.244898
vt 0.5714285 0.244898
vt 0.5918368 0.244898
vt 0.6122449 0.244898
vt 0.6326531 0.244898
vt 0.6530612 0.244898
vt 0.6734694 0.244898
vt 0.6938775 0.244898
vt 0.7142857 0.244898
vt 0.7346939 0.244898
vt 0.755102 0.244898
vt 0.7755102 0.244898
vt 0.7959183 0.244898
vt 0.8163265 0.244898
vt 0.8367347 0.244898
vt 0.8571429 0.244898
vt 0.877551 0.244898
vt 0.8979592 0.244898
vt 0.9183673 0.244898
vt 0.9387755 0.244898
vt 0.9591836 0.244898
vt 0.9795918 0.244898
vt 1 0.244898
vt 0 0.2653061
vt 0.02040816 0.2653061
vt 0.04081633 0.2653061
vt 0.06122449 0.2653061
vt 0.08163265 0.2653061
vt 0.1020408 0.2653061
vt 0.122449 0.2653061
vt 0.1428571 0.2653061
vt 0.1632653 0.2653061
vt 0.1836735 0.2653061
vt 0.2040816 0.2653061
vt 0.2244898 0.2653061
vt 0.244898 0.2653061
vt 0.2653061 0.2653061
vt 0.2857143 0.2653061
vt 0.3061225 0.2653061
vt 0.3265306 0.2653061
vt 0.3469388 0.2653061
vt 0.3673469 0.2653061
vt 0.3877551 0.2653061
vt 0.4081632 0.2653061
vt 0.4285714 0.2653061
vt 0.4489796 0.2653061
vt 0.4693877 0.2653061
vt 0.4897959 0.2653061
vt 0.5102041 0.2653061
vt 0.5306122 0.2653061
vt 0.5510204 0.2653061
vt 0.5714285 0.2653061
vt 0.5918368 0.2653061
vt 0.6122449 0.2653061
vt 0.6326531 0.2653061
vt 0.6530612 0.2653061
vt 0.6734694 0.2653061
vt 0.6938775 0.2653061
vt 0.7142857 0.2653061
vt 0.7346939 0.2653061
vt 0.755102 0.2653061
vt 0.7755102 0.2653061
vt 0.7959183 0.2653061
vt 0.8163265 0.2653061
vt 0.8367347 0.2653061
vt 0.8571429 0.2653061
vt 0.877551 0.2653061
vt 0.8979592 0.2653061
vt 0.9183673 0.2653061
vt 0.9387755 0.2653061
vt 0.9591836 0.2653061
vt 0.9795918 0.2653061
vt 1 0.2653061
vt 0 0.2857143
vt 0.02040816 0.2857143
vt 0.04081633 0.2857143
vt 0.06122449 0.2857143
vt 0.08163265 0.2857143
vt 0.1020408 0.2857143
vt 0.122449 0.2857143
vt 0.1428571 0.2857143
vt 0.1632653 0.2857143
vt 0.1836735 0.2857143
vt 0.2040816 0.2857143
vt 0.2244898 0.2857143
vt 0.244898 0.2857143
vt 0.2653061 0.2857143
vt 0.2857143 0.2857143
vt 0.3061225 0.2857143
vt 0.3265306 0.2857143
vt 0.3469388 0.2857143
vt 0.3673469 0.2857143
vt 0.3877551 0.2857143
vt 0.4081632 0.2857143
vt 0.4285714 0.2857143
vt 0.4489796 0.2857143
vt 0.4693877 0.2857143
vt 0.4897959 0.2857143
vt 0.5102041 0.2857143
vt 0.5306122 0.2857143
vt 0.5510204 0.2857143
vt 0.5714285 0.2857143
vt 0.5918368 0.2857143
vt 0.6122449 0.2857143
vt 0.6326531 0.2857143
vt 0.6530612 0.2857143
vt 0.6734694 0.2857143
vt 0.6938775 0.2857143
vt 0.7142857 0.2857143
vt 0.7346939 0.2857143
vt 0.755102 0.2857143
vt 0.7755102 0.2857143
vt 0.7959183 0.2857143
vt 0.8163265 0.2857143
vt 0.8367347 0.2857143
vt 0.8571429 0.2857143
vt 0.877551 0.2857143
vt 0.8979592 0.2857143
vt 0.9183673 0.2857143
vt 0.9387755 0.2857143
vt 0.9591836 0.2857143
vt 0.9795918 0.2857143
vt 1 0.2857143
vt 0 0.3061225
vt 0.02040816 0.3061225
vt 0.04081633 0.3061225
vt 0.06122449 0.3061225
vt 0.08163265 0.3061225
vt 0.1020408 0.3061225
vt 0.122449 0.3061225
vt 0.1428571 0.3061225
vt 0.1632653 0.3061225
vt 0.1836735 0.3061225
vt 0.2040816 0.3061225
vt 0.2244898 0.3061225
vt 0.244898 0.3061225
vt 0.2653061 0.3061225
vt 0.2857143 0.3061225
vt 0.3061225 0.3061225
vt 0.3265306 0.3061225
vt 0.3469388 0.3061225
vt 0.3673469 0.3061225
vt 0.3877551 0.3061225
vt 0.4081632 0.3061225
vt 0.4285714 0.3061225
vt 0.4489796 0.3061225
vt 0.4693877 0.3061225
vt 0.4897959 0.3061225
vt 0.5102041 0.3061225
vt 0.5306122 0.3061225
vt 0.5510204 0.3061225
vt 0.5714285 0.3061225
vt 0.5918368 0.3061225
vt 0.6122449 0.3061225
vt 0.6326531 0.3061225
vt 0.6530612 0.3061225
vt 0.6734694 0.3061225
vt 0.6938775 0.3061225
vt 0.7142857 0.3061225
vt 0.7346939 0.3061225
vt 0.755102 0.3061225
vt 0.7755102 0.3061225
vt 0.7959183 0.3061225
vt 0.8163265 0.3061225
vt 0.8367347 0.3061225
vt 0.8571429 0.3061225
vt 0.877551 0.3061225
vt 0.8979592 0.3061225
vt 0.9183673 0.3061225
vt 0.9387755 0.3061225
vt 0.9591836 0.3061225
vt 0.9795918 0.3061225
vt 1 0.3061225
vt 0 0.3265306
vt 0.02040816 0.3265306
vt 0.04081633 0.3265306
vt 0.06122449 0.3265306
vt 0.08163265 0.3265306
vt 0.1020408 0.3265306
vt 0.122449 0.3265306
vt 0.1428571 0.3265306
vt 0.1632653 0.3265306
vt 0.1836735 0.3265306
vt 0.2040816 0.3265306
vt 0.2244898 0.3265306
vt 0.244898 0.3265306
vt 0.2653061 0.3265306
vt 0.2857143 0.3265306
vt 0.3061225 0.3265306
vt 0.3265306 0.3265306
vt 0.3469388 0.3265306
vt 0.3673469 0.3265306
vt 0.3877551 0.3265306
vt 0.4081632 0.3265306
vt 0.4285714 0.3265306
vt 0.4489796 0.3265306
vt 0.4693877 0.3265306
vt 0.4897959 0.3265306
vt 0.5102041 0.3265306
vt 0.5306122 0.3265306
vt 0.5510204 0.3265306
vt 0.5714285 0.3265306
vt 0.5918368 0.3265306
vt 0.6122449 0.3265306
vt 0.6326531 0.3265306
vt 0.6530612 0.3265306
vt 0.6734694 0.3265306
vt 0.6938775 0.3265306
vt 0.7142857 0.3265306
vt 0.7346939 0.3265306
vt 0.755102 0.3265306
vt 0.7755102 0.3265306
vt 0.7959183 0.3265306
vt 0.8163265 0.3265306
vt 0.8367347 0.3265306
vt 0.8571429 0.3265306
vt 0.877551 0.3265306
vt 0.8979592 0.3265306
vt 0.9183673 0.3265306
vt 0.9387755 0.3265306
vt 0.9591836 0.3265306
vt 0.9795918 0.3265306
vt 1 0.3265306
vt 0 0.3469388
vt 0.02040816 0.3469388
vt 0.04081633 0.3469388
vt 0.06122449 0.3469388
vt 0.08163265 0.3469388
vt 0.1020408 0.3469388
vt 0.122449 0.3469388
vt 0.1428571 0.3469388
vt 0.1632653 0.3469388
vt 0.1836735 0.3469388
vt 0.2040816 0.3469388
vt 0.2244898 0.3469388
vt 0.244898 0.3469388
vt 0.2653061 0.3469388
vt 0.2857143 0.3469388
vt 0.3061225 0.3469388
vt 0.3265306 0.3469388
vt 0.3469388 0.3469388
vt 0.3673469 0.3469388
vt 0.3877551 0.3469388
vt 0.4081632 0.3469388
vt 0.4285714 0.3469388
vt 0.4489796 0.3469388
vt 0.4693877 0.3469388
vt 0.4897959 0.3469388
vt 0.5102041 0.3469388
vt 0.5306122 0.3469388
vt 0.5510204 0.3469388
vt 0.5714285 0.3469388
vt 0.5918368 0.3469388
vt 0.6122449 0.3469388
vt 0.6326531 0.3469388
vt 0.6530612 0.3469388
vt 0.6734694 0.3469388
vt 0.6938775 0.3469388
vt 0.7142857 0.3469388
vt 0.7346939 0.3469388
vt 0.755102 0.3469388
vt 0.7755102 0.3469388
vt 0.7959183 0.3469388
vt 0.8163265 0.3469388
vt 0.8367347 0.3469388
vt 0.8571429 0.3469388
vt 0.877551 0.3469388
vt 0.8979592 0.3469388
vt 0.9183673 0.3469388
vt 0.9387755 0.3469388
vt 0.9591836 0.3469388
vt 0.9795918 0.3469388
vt 1 0.3469388
vt 0 0.3673469
vt 0.02040816 0.3673469
vt 0.04081633 0.3673469
vt 0.06122449 0.3673469
vt 0.08163265 0.3673469
vt 0.1020408 0.3673469
vt 0.122449 0.3673469
vt 0.1428571 0.3673469
vt 0.1632653 0.3673469
vt 0.1836735 0.3673469
vt 0.2040816 0.3673469
vt 0.2244898 0.3673469
vt 0.244898 0.3673469
vt 0.2653061 0.3673469
vt 0.2857143 0.3673469
vt 0.3061225 0.3673469
vt 0.3265306 0.3673469
vt 0.3469388 0.3673469
vt 0.3673469 0.3673469
vt 0.3877551 0.3673469
vt 0.4081632 0.3673469
vt 0.4285714 0.3673469
vt 0.4489796 0.3673469
vt 0.4693877 0.3673469
vt 0.4897959 0.3673469
vt 0.5102041 0.3673469
vt 0.5306122 0.3673469
vt 0.5510204 0.3673469
vt 0.5714285 0.3673469
vt 0.5918368 0.3673469
vt 0.6122449 0.3673469
vt 0.6326531 0.3673469
vt 0.6530612 0.3673469
vt 0.6734694 0.3673469
vt 0.6938775 0.3673469
vt 0.7142857 0.3673469
vt 0.7346939 0.3673469
vt 0.755102 0.3673469
vt 0.7755102 0.3673469
vt 0.7959183 0.3673469
vt 0.8163265 0.3673469
vt 0.8367347 0.3673469
vt 0.8571429 0.3673469
vt 0.877551 0.3673469
vt 0.8979592 0.3673469
vt 0.9183673 0.3673469
vt 0.9387755 0.3673469
vt 0.9591836 0.3673469
vt 0.9795918 0.3673469
vt 1 0.3673469
vt 0 0.3877551
vt 0.02040816 0.3877551
vt 0.04081633 0.3877551
vt 0.06122449 0.3877551
vt 0.08163265 0.3877551
vt 0.1020408 0.3877551
vt 0.122449 0.3877551
vt 0.1428571 0.3877551
vt 0.1632653 0.3877551
vt 0.1836735 0.3877551
vt 0.2040816 0.3877551
vt 0.2244898 0.3877551
vt 0.244898 0.3877551
vt 0.2653061 0.3877551
vt 0.2857143 0.3877551
vt 0.3061225 0.3877551
vt 0.3265306 0.3877551
vt 0.3469388 0.3877551
vt 0.3673469 0.3877551
vt 0.3877551 0.3877551
vt 0.4081632 0.3877551
vt 0.4285714 0.3877551
vt 0.4489796 0.3877551
vt 0.4693877 0.3877551
vt 0.4897959 0.3877551
vt 0.5102041 0.3877551
vt 0.5306122 0.3877551
vt 0.5510204 0.3877551
vt 0.5714285 0.3877551
vt 0.5918368 0.3877551
vt 0.6122449 0.3877551
vt 0.6326531 0.3877551
vt 0.6530612 0.3877551
vt 0.6734694 0.3877551
vt 0.6938775 0.3877551
vt 0.7142857 0.3877551
vt 0.7346939 0.3877551
vt 0.755102 0.3877551
vt 0.7755102 0.3877551
vt 0.7959183 0.3877551
vt 0.8163265 0.3877551
vt 0.8367347 0.3877551
vt 0.8571429 0.3877551
vt 0.877551 0.3877551
vt 0.8979592 0.3877551
vt 0.9183673 0.3877551
vt 0.9387755 0.3877551
vt 0.9591836 0.3877551
vt 0.9795918 0.3877551
vt 1 0.3877551
vt 0 0.4081632
vt 0.02040816 0.4081632
vt 0.04081633 0.4081632
vt 0.06122449 0.4081632
vt 0.08163265 0.4081632
vt 0.1020408 0.4081632
vt 0.122449 0.4081632
vt 0.1428571 0.4081632
vt 0.1632653 0.4081632
vt 0.1836735 0.4081632
vt 0.2040816 0.4081632
vt 0.2244898 0.4081632
vt 0.244898 0.4081632
vt 0.2653061 0.4081632
vt 0.2857143 0.4081632
vt 0.3061225 0.4081632
vt 0.3265306 0.4081632
vt 0.3469388 0.4081632
vt 0.3673469 0.4081632
vt 0.3877551 0.4081632
vt 0.4081632 0.4081632
vt 0.4285714 0.4081632
vt 0.4489796 0.4081632
vt 0.4693877 0.4081632
vt 0.4897959 0.4081632
vt 0.5102041 0.4081632
vt 0.5306122 0.4081632
vt 0.5510204 0.4081632
vt 0.5714285 0.4081632
vt 0.5918368 0.4081632
vt 0.6122449 0.4081632
vt 0.6326531 0.4081632
vt 0.6530612 0.4081632
vt 0.6734694 0.4081632
vt 0.6938775 0.4081632
vt 0.7142857 0.4081632
vt 0.7346939 0.4081632
vt 0.755102 0.4081632
vt 0.7755102 0.4081632
vt 0.7959183 0.4081632
vt 0.8163265 0.4081632
vt 0.8367347 0.4081632
vt 0.8571429 0.4081632
vt 0.877551 0.4081632
vt 0.8979592 0.4081632
vt 0.9183673 0.4081632
vt 0.9387755 0.4081632
vt 0.9591836 0.4081632
vt 0.9795918 0.4081632
vt 1 0.4081632
vt 0 0.4285714
vt 0.02040816 0.4285714
vt 0.04081633 0.4285714
vt 0.06122449 0.4285714
vt 0.08163265 0.4285714
vt 0.1020408 0.4285714
vt 0.122449 0.4285714
vt 0.1428571 0.4285714
vt 0.1632653 0.4285714
vt 0.1836735 0.4285714
vt 0.2040816 0.4285714
vt 0.2244898 0.4285714
vt 0.244898 0.4285714
vt 0.2653061 0.4285714
vt 0.2857143 0.4285714
vt 0.3061225 0.4285714
vt 0.3265306 0.4285714
vt 0.3469388 0.4285714
vt 0.3673469 0.4285714
vt 0.3877551 0.4285714
vt 0.4081632 0.4285714
vt 0.4285714 0.4285714
vt 0.4489796 0.4285714
vt 0.4693877 0.4285714
vt 0.4897959 0.4285714
vt 0.5102041 0.4285714
vt 0.5306122 0.4285714
vt 0.5510204 0.4285714
vt 0.5714285 0.4285714
vt 0.5918368 0.4285714
vt 0.6122449 0.4285714
vt 0.6326531 0.4285714
vt 0.6530612 0.4285714
vt 0.6734694 0.4285714
vt 0.6938775 0.4285714
vt 0.7142857 0.4285714
vt 0.7346939 0.4285714
vt 0.755102 0.4285714
vt 0.7755102 0.4285714
vt 0.7959183 0.4285714
vt 0.8163265 0.4285714
vt 0.8367347 0.4285714
vt 0.8571429 0.4285714
vt 0.877551 0.4285714
vt 0.8979592 0.4285714
vt 0.9183673 0.4285714
vt 0.9387755 0.4285714
vt 0.9591836 0.4285714
vt 0.9795918 0.4285714
vt 1 0.4285714
vt 0 0.4489796
vt 0.02040816 0.4489796
vt 0.04081633 0.4489796
vt 0.06122449 0.4489796
vt 0.08163265 0.4489796
vt 0.1020408 0.4489796
vt 0.122449 0.4489796
vt 0.1428571 0.4489796
vt 0.1632653 0.4489796
vt 0.1836735 0.4489796
vt 0.2040816 0.4489796
vt 0.2244898 0.4489796
vt 0.244898 0.4489796
vt 0.2653061 0.4489796
vt 0.2857143 0.4489796
vt 0.3061225 0.4489796
vt 0.3265306 0.4489796
vt 0.3469388 0.4489796
vt 0.3673469 0.4489796
vt 0.3877551 0.4489796
vt 0.4081632 0.4489796
vt 0.4285714 0.4489796
vt 0.4489796 0.4489796
vt 0.4693877 0.4489796
vt 0.4897959 0.4489796
vt 0.5102041 0.4489796
vt 0.5306122 0.4489796
vt 0.5510204 0.4489796
vt 0.5714285 0.4489796
vt 0.5918368 0.4489796
vt 0.6122449 0.4489796
vt 0.6326531 0.4489796
vt 0.6530612 0.4489796
vt 0.6734694 0.4489796
vt 0.6938775 0.4489796
vt 0.7142857 0.4489796
vt 0.7346939 0.4489796
vt 0.755102 0.4489796
vt 0.7755102 0.4489796
vt 0.7959183 0.4489796
vt 0.8163265 0.4489796
vt 0.8367347 0.4489796
vt 0.8571429 0.4489796
vt 0.877551 0.4489796
vt 0.8979592 0.4489796
vt 0.9183673 0.4489796
vt 0.9387755 0.4489796
vt 0.9591836 0.4489796
vt 0.9795918 0.4489796
vt 1 0.4489796
vt 0 0.4693877
vt 0.02040816 0.4693877
vt 0.04081633 0.4693877
vt 0.06122449 0.4693877
vt 0.08163265 0.4693877
vt 0.1020408 0.4693877
vt 0.122449 0.4693877
vt 0.1428571 0.4693877
vt 0.1632653 0.4693877
vt 0.1836735 0.4693877
vt 0.2040816 0.4693877
vt 0.2244898 0.4693877
vt 0.244898 0.4693877
vt 0.2653061 0.4693877
vt 0.2857143 0.4693877
vt 0.3061225 0.4693877
vt 0.3265306 0.4693877
vt 0.3469388 0.4693877
vt 0.3673469 0.4693877
vt 0.3877551 0.4693877
vt 0.4081632 0.4693877
vt 0.4285714 0.4693877
vt 0.4489796 0.4693877
vt 0.4693877 0.4693877
vt 0.4897959 0.4693877
vt 0.5102041 0.4693877
vt 0.5306122 0.4693877
vt 0.5510204 0.4693877
vt 0.5714285 0.4693877
vt 0.5918368 0.4693877
vt 0.6122449 0.4693877
vt 0.6326531 0.4693877
vt 0.6530612 0.4693877
vt 0.6734694 0.4693877
vt 0.6938775 0.4693877
vt 0.7142857 0.4693877
vt 0.7346939 0.4693877
vt 0.755102 0.4693877
vt 0.7755102 0.4693877
vt 0.7959183 0.4693877
vt 0.8163265 0.4693877
vt 0.8367347 0.4693877
vt 0.8571429 0.4693877
vt 0.877551 0.4693877
vt 0.8979592 0.4693877
vt 0.9183673 0.4693877
vt 0.9387755 0.4693877
vt 0.9591836 0.4693877
vt 0.9795918 0.4693877
vt 1 0.4693877
vt 0 0.4897959
vt 0.02040816 0.4897959
vt 0.04081633 0.4897959
vt 0.06122449 0.4897959
vt 0.08163265 0.4897959
vt 0.1020408 0.4897959
vt 0.122449 0.4897959
vt 0.1428571 0.4897959
vt 0.1632653 0.4897959
vt 0.1836735 0.4897959
vt 0.2040816 0.4897959
vt 0.2244898 0.4897959
vt 0.244898 0.4897959
vt 0.2653061 0.4897959
vt 0.2857143 0.4897959
vt 0.3061225 0.4897959
vt 0.3265306 0.4897959
vt 0.3469388 0.4897959
vt 0.3673469 0.4897959
vt 0.3877551 0.4897959
vt 0.4081632 0.4897959
vt 0.4285714 0.4897959
vt 0.4489796 0.4897959
vt 0.4693877 0.4897959
vt 0.4897959 0.4897959
vt 0.5102041 0.4897959
vt 0.5306122 0.4897959
vt 0.5510204 0.4897959
vt 0.5714285 0.4897959
vt 0.5918368 0.4897959
vt 0.6122449 0.4897959
vt 0.6326531 0.4897959
vt 0.6530612 0.4897959
vt 0.6734694 0.4897959
vt 0.6938775 0.4897959
vt 0.7142857 0.4897959
vt 0.7346939 0.4897959
vt 0.755102 0.4897959
vt 0.7755102 0.4897959
vt 0.7959183 0.4897959
vt 0.8163265 0.4897959
vt 0.8367347 0.4897959
vt 0.8571429 0.4897959
vt 0.877551 0.4897959
vt 0.8979592 0.4897959
vt 0.9183673 0.4897959
vt 0.9387755 0.4897959
vt 0.9591836 0.4897959
vt 0.9795918 0.4897959
vt 1 0.4897959
vt 0 0.5102041
vt 0.02040816 0.5102041
vt 0.04081633 0.5102041
vt 0.06122449 0.5102041
vt 0.08163265 0.5102041
vt 0.1020408 0.5102041
vt 0.122449 0.5102041
vt 0.1428571 0.5102041
vt 0.1632653 0.5102041
vt 0.1836735 0.5102041
vt 0.2040816 0.5102041
vt 0.2244898 0.5102041
vt 0.244898 0.5102041
vt 0.2653061 0.5102041
vt 0.2857143 0.5102041
vt 0.3061225 0.5102041
vt 0.3265306 0.5102041
vt 0.3469388 0.5102041
vt 0.3673469 0.5102041
vt 0.3877551 0.5102041
vt 0.4081632 0.5102041
vt 0.4285714 0.5102041
vt 0.4489796 0.5102041
vt 0.4693877 0.5102041
vt 0.4897959 0.5102041
vt 0.5102041 0.5102041
vt 0.5306122 0.5102041
vt 0.5510204 0.5102041
vt 0.5714285 0.5102041
vt 0.5918368 0.5102041
vt 0.6122449 0.5102041
vt 0.6326531 0.5102041
vt 0.6530612 0.5102041
vt 0.6734694 0.5102041
vt 0.6938775 0.5102041
vt 0.7142857 0.5102041
vt 0.7346939 0.5102041
vt 0.755102 0.5102041
vt 0.7755102 0.5102041
vt 0.7959183 0.5102041
vt 0.8163265 0.5102041
vt 0.8367347 0.5102041
vt 0.8571429 0.5102041
vt 0.877551 0.5102041
vt 0.8979592 0.5102041
vt 0.9183673 0.5102041
vt 0.9387755 0.5102041
vt 0.9591836 0.5102041
vt 0.9795918 0.5102041
vt 1 0.5102041
vt 0 0.5306122
vt 0.02040816 0.5306122
vt 0.04081633 0.5306122
vt 0.06122449 0.5306122
vt 0.08163265 0.5306122
vt 0.1020408 0.5306122
vt 0.122449 0.5306122
vt 0.1428571 0.5306122
vt 0.1632653 0.5306122
vt 0.1836735 0.5306122
vt 0.2040816 0.5306122
vt 0.2244898 0.5306122
vt 0.244898 0.5306122
vt 0.2653061 0.5306122
vt 0.2857143 0.5306122
vt 0.3061225 0.5306122
vt 0.3265306 0.5306122
vt 0.3469388 0.5306122
vt 0.3673469 0.5306122
vt 0.3877551 0.5306122
vt 0.4081632 0.5306122
vt 0.4285714 0.5306122
vt 0.4489796 0.5306122
vt 0.4693877 0.5306122
vt 0.4897959 0.5306122
vt 0.5102041 0.5306122
vt 0.5306122 0.5306122
vt 0.5510204 0.5306122
vt 0.5714285 0.5306122
vt 0.5918368 0.5306122
vt 0.6122449 0.5306122
vt 0.6326531 0.5306122
vt 0.6530612 0.5306122
vt 0.6734694 0.5306122
vt 0.6938775 0.5306122
vt 0.7142857 0.5306122
vt 0.7346939 0.5306122
vt 0.755102 0.5306122
vt 0.7755102 0.5306122
vt 0.7959183 0.5306122
vt 0.8163265 0.5306122
vt 0.8367347 0.5306122
vt 0.8571429 0.5306122
vt 0.877551 0.5306122
vt 0.8979592 0.5306122
vt 0.9183673 0.5306122
vt 0.9387755 0.5306122
vt 0.9591836 0.5306122
vt 0.9795918 0.5306122
vt 1 0.5306122
vt 0 0.5510204
vt 0.02040816 0.5510204
vt 0.04081633 0.5510204
vt 0.06122449 0.5510204
vt 0.08163265 0.5510204
vt 0.1020408 0.5510204
vt 0.122449 0.5510204
vt 0.1428571 0.5510204
vt 0.1632653 0.5510204
vt 0.1836735 0.5510204
vt 0.2040816 0.5510204
vt 0.2244898 0.5510204
vt 0.244898 0.5510204
vt 0.2653061 0.5510204
vt 0.2857143 0.5510204
vt 0.3061225 0.5510204
vt 0.3265306 0.5510204
vt 0.3469388 0.5510204
vt 0.3673469 0.5510204
vt 0.3877551 0.5510204
vt 0.4081632 0.5510204
vt 0.4285714 0.5510204
vt 0.4489796 0.5510204
vt 0.4693877 0.5510204
vt 0.4897959 0.5510204
vt 0.5102041 0.5510204
vt 0.5306122 0.5510204
vt 0.5510204 0.5510204
vt 0.5714285 0.5510204
vt 0.5918368 0.5510204
vt 0.6122449 0.5510204
vt 0.6326531 0.5510204
vt 0.6530612 0.5510204
vt 0.6734694 0.5510204
vt 0.6938775 0.5510204
vt 0.7142857 0.5510204
vt 0.7346939 0.5510204
vt 0.755102 0.5510204
vt 0.7755102 0.5510204
vt 0.7959183 0.5510204
vt 0.8163265 0.5510204
vt 0.8367347 0.5510204
vt 0.8571429 0.5510204
vt 0.877551 0.5510204
vt 0.8979592 0.5510204
vt 0.9183673 0.5510204
vt 0.9387755 0.5510204
vt 0.9591836 0.5510204
vt 0.9795918 0.5510204
vt 1 0.5510204
vt 0 0.5714285
vt 0.02040816 0.5714285
vt 0.04081633 0.5714285
vt 0.06122449 0.5714285
vt 0.08163265 0.5714285
vt 0.1020408 0.5714285
vt 0.122449 0.5714285
vt 0.1428571 0.5714285
vt 0.1632653 0.5714285
vt 0.1836735 0.5714285
vt 0.2040816 0.5714285
vt 0.2244898 0.5714285
vt 0.244898 0.5714285
vt 0.2653061 0.5714285
vt 0.2857143 0.5714285
vt 0.3061225 0.5714285
vt 0.3265306 0.5714285
vt 0.3469388 0.5714285
vt 0.3673469 0.5714285
vt 0.3877551 0.5714285
vt 0.4081632 0.5714285
vt 0.4285714 0.5714285
vt 0.4489796 0.5714285
vt 0.4693877 0.5714285
vt 0.4897959 0.5714285
vt 0.5102041 0.5714285
vt 0.5306122 0.5714285
vt 0.5510204 0.5714285
vt 0.5714285 0.5714285
vt 0.5918368 0.5714285
vt 0.6122449 0.5714285
vt 0.6326531 0.5714285
vt 0.6530612 0.5714285
vt 0.6734694 0.5714285
vt 0.6938775 0.5714285
vt 0.7142857 0.5714285
vt 0.7346939 0.5714285
vt 0.755102 0.5714285
vt 0.7755102 0.5714285
vt 0.7959183 0.5714285
vt 0.8163265 0.5714285
vt 0.8367347 0.5714285
vt 0.8571429 0.5714285
vt 0.877551 0.5714285
vt 0.8979592 0.5714285
vt 0.9183673 0.5714285
vt 0.9387755 0.5714285
vt 0.9591836 0.5714285
vt 0.9795918 0.5714285
vt 1 0.5714285
vt 0 0.5918368
vt 0.02040816 0.5918368
vt 0.04081633 0.5918368
vt 0.06122449 0.5918368
vt 0.08163265 0.5918368
vt 0.1020408 0.5918368
vt 0.122449 0.5918368
vt 0.1428571 0.5918368
vt 0.1632653 0.5918368
vt 0.1836735 0.5918368
vt 0.2040816 0.5918368
vt 0.2244898 0.5918368
vt 0.244898 0.5918368
vt 0.2653061 0.5918368
vt 0.2857143 0.5918368
vt 0.3061225 0.5918368
vt 0.3265306 0.5918368
vt 0.3469388 0.5918368
vt 0.3673469 0.5918368
vt 0.3877551 0.5918368
vt 0.4081632 0.5918368
vt 0.4285714 0.5918368
vt 0.4489796 0.5918368
vt 0.4693877 0.5918368
vt 0.4897959 0.5918368
vt 0.5102041 0.5918368
vt 0.5306122 0.5918368
vt 0.5510204 0.5918368
vt 0.5714285 0.5918368
vt 0.5918368 0.5918368
vt 0.6122449 0.5918368
vt 0.6326531 0.5918368
vt 0.6530612 0.5918368
vt 0.6734694 0.5918368
vt 0.6938775 0.5918368
vt 0.7142857 0.5918368
vt 0.7346939 0.5918368
vt 0.755102 0.5918368
vt 0.7755102 0.5918368
vt 0.7959183 0.5918368
vt 0.8163265 0.5918368
vt 0.8367347 0.5918368
vt 0.8571429 0.5918368
vt 0.877551 0.5918368
vt 0.8979592 0.5918368
vt 0.9183673 0.5918368
vt 0.9387755 0.5918368
vt 0.9591836 0.5918368
vt 0.9795918 0.5918368
vt 1 0.5918368
vt 0 0.6122449
vt 0.02040816 0.6122449
vt 0.04081633 0.6122449
vt 0.06122449 0.6122449
vt 0.08163265 0.6122449
vt 0.1020408 0.6122449
vt 0.122449 0.6122449
vt 0.1428571 0.6122449
vt 0.1632653 0.6122449
vt 0.1836735 0.6122449
vt 0.2040816 0.6122449
vt 0.2244898 0.6122449
vt 0.244898 0.6122449
vt 0.2653061 0.6122449
vt 0.2857143 0.6122449
vt 0.3061225 0.6122449
vt 0.3265306 0.6122449
vt 0.3469388 0.6122449
vt 0.3673469 0.6122449
vt 0.3877551 0.6122449
vt 0.4081632 0.6122449
vt 0.4285714 0.6122449
vt 0.4489796 0.6122449
vt 0.4693877 0.6122449
vt 0.4897959 0.6122449
vt 0.5102041 0.6122449
vt 0.5306122 0.6122449
vt 0.5510204 0.6122449
vt 0.5714285 0.6122449
vt 0.5918368 0.6122449
vt 0.6122449 0.6122449
vt 0.6326531 0.6122449
vt 0.6530612 0.6122449
vt 0.6734694 0.6122449
vt 0.6938775 0.6122449
vt 0.7142857 0.6122449
vt 0.7346939 0.6122449
vt 0.755102 0.6122449
vt 0.7755102 0.6122449
vt 0.7959183 0.6122449
vt 0.8163265 0.6122449
vt 0.8367347 0.6122449
vt 0.8571429 0.6122449
vt 0.877551 0.6122449
vt 0.8979592 0.6122449
vt 0.9183673 0.6122449
vt 0.9387755 0.6122449
vt 0.9591836 0.6122449
vt 0.9795918 0.6122449
vt 1 0.6122449
vt 0 0.6326531
vt 0.02040816 0.6326531
vt 0.04081633 0.6326531
vt 0.06122449 0.6326531
vt 0.08163265 0.6326531
vt 0.1020408 0.6326531
vt 0.122449 0.6326531
vt 0.1428571 0.6326531
vt 0.1632653 0.6326531
vt 0.1836735 0.6326531
vt 0.2040816 0.6326531
vt 0.2244898 0.6326531
vt 0.244898 0.6326531
vt 0.2653061 0.6326531
vt 0.2857143 0.6326531
vt 0.3061225 0.6326531
vt 0.3265306 0.6326531
vt 0.3469388 0.6326531
vt 0.3673469 0.6326531
vt 0.3877551 0.6326531
vt 0.4081632 0.6326531
vt 0.4285714 0.6326531
vt 0.4489796 0.6326531
vt 0.4693877 0.6326531
vt 0.4897959 0.6326531
vt 0.5102041 0.6326531
vt 0.5306122 0.6326531
vt 0.5510204 0.6326531
vt 0.5714285 0.6326531
vt 0.5918368 0.6326531
vt 0.6122449 0.6326531
vt 0.6326531 0.6326531
vt 0.6530612 0.6326531
vt 0.6734694 0.6326531
vt 0.6938775 0.6326531
vt 0.7142857 0.6326531
vt 0.7346939 0.6326531
vt 0.755102 0.6326531
vt 0.7755102 0.6326531
vt 0.7959183 0.6326531
vt 0.8163265 0.6326531
vt 0.8367347 0.6326531
vt 0.8571429 0.6326531
vt 0.877551 0.6326531
vt 0.8979592 0.6326531
vt 0.9183673 0.6326531
vt 0.9387755 0.6326531
vt 0.9591836 0.6326531
vt 0.9795918 0.6326531
vt 1 0.6326531
vt 0 0.6530612
vt 0.02040816 0.6530612
vt 0.04081633 0.6530612
vt 0.06122449 0.6530612
vt 0.08163265 0.6530612
vt 0.1020408 0.6530612
vt 0.122449 0.6530612
vt 0.1428571 0.6530612
vt 0.1632653 0.6530612
vt 0.1836735 0.6530612
vt 0.2040816 0.6530612
vt 0.2244898 0.6530612
vt 0.244898 0.6530612
vt 0.2653061 0.6530612
vt 0.2857143 0.6530612
vt 0.3061225 0.6530612
vt 0.3265306 0.6530612
vt 0.3469388 0.6530612
vt 0.3673469 0.6530612
vt 0.3877551 0.6530612
vt 0.4081632 0.6530612
vt 0.4285714 0.6530612
vt 0.4489796 0.6530612
vt 0.4693877 0.6530612
vt 0.4897959 0.6530612
vt 0.5102041 0.6530612
vt 0.5306122 0.6530612
vt 0.5510204 0.6530612
vt 0.5714285 0.6530612
vt 0.5918368 0.6530612
vt 0.6122449 0.6530612
vt 0.6326531 0.6530612
vt 0.6530612 0.6530612
vt 0.6734694 0.6530612
vt 0.6938775 0.6530612
vt 0.7142857 0.6530612
vt 0.7346939 0.6530612
vt 0.755102 0.6530612
vt 0.7755102 0.6530612
vt 0.7959183 0.6530612
vt 0.8163265 0.6530612
vt 0.8367347 0.6530612
vt 0.8571429 0.6530612
vt 0.877551 0.6530612
vt 0.8979592 0.6530612
vt 0.9183673 0.6530612
vt 0.9387755 0.6530612
vt 0.9591836 0.6530612
vt 0.9795918 0.6530612
vt 1 0.6530612
vt 0 0.6734694
vt 0.02040816 0.6734694
vt 0.04081633 0.6734694
vt 0.06122449 0.6734694
vt 0.08163265 0.6734694
vt 0.1020408 0.6734694
vt 0.122449 0.6734694
vt 0.1428571 0.6734694
vt 0.1632653 0.6734694
vt 0.1836735 0.6734694
vt 0.2040816 0.6734694
vt 0.2244898 0.6734694
vt 0.244898 0.6734694
vt 0.2653061 0.6734694
vt 0.2857143 0.6734694
vt 0.3061225 0.6734694
vt 0.3265306 0.6734694
vt 0.3469388 0.6734694
vt 0.3673469 0.6734694
vt 0.3877551 0.6734694
vt 0.4081632 0.6734694
vt 0.4285714 0.6734694
vt 0.4489796 0.6734694
vt 0.4693877 0.6734694
vt 0.4897959 0.6734694
vt 0.5102041 0.6734694
vt 0.5306122 0.6734694
vt 0.5510204 0.6734694
vt 0.5714285 0.6734694
vt 0.5918368 0.6734694
vt 0.6122449 0.6734694
vt 0.6326531 0.6734694
vt 0.6530612 0.6734694
vt 0.6734694 0.6734694
vt 0.6938775 0.6734694
vt 0.7142857 0.6734694
vt 0.7346939 0.6734694
vt 0.755102 0.6734694
vt 0.7755102 0.6734694
vt 0.7959183 0.6734694
vt 0.8163265 0.6734694
vt 0.8367347 0.6734694
vt 0.8571429 0.6734694
vt 0.877551 0.6734694
vt 0.8979592 0.6734694
vt 0.9183673 0.6734694
vt 0.9387755 0.6734694
vt 0.9591836 0.6734694
vt 0.9795918 0.6734694
vt 1 0.6734694
vt 0 0.6938775
vt 0.02040816 0.6938775
vt 0.04081633 0.6938775
vt 0.06122449 0.6938775
vt 0.08163265 0.6938775
vt 0.1020408 0.6938775
vt 0.122449 0.6938775
vt 0.1428571 0.6938775
vt 0.1632653 0.6938775
vt 0.1836735 0.6938775
vt 0.2040816 0.6938775
vt 0.2244898 0.6938775
vt 0.244898 0.6938775
vt 0.2653061 0.6938775
vt 0.2857143 0.6938775
vt 0.3061225 0.6938775
vt 0.3265306 0.6938775
vt 0.3469388 0.6938775
vt 0.3673469 0.6938775
vt 0.3877551 0.6938775
vt 0.4081632 0.6938775
vt 0.4285714 0.6938775
vt 0.4489796 0.6938775
vt 0.4693877 0.6938775
vt 0.4897959 0.6938775
vt 0.5102041 0.6938775
vt 0.5306122 0.6938775
vt 0.5510204 0.6938775
vt 0.5714285 0.6938775
vt 0.5918368 0.6938775
vt 0.6122449 0.6938775
vt 0.6326531 0.6938775
vt 0.6530612 0.6938775
vt 0.6734694 0.6938775
vt 0.6938775 0.6938775
vt 0.7142857 0.6938775
vt 0.7346939 0.6938775
vt 0.755102 0.6938775
vt 0.7755102 0.6938775
vt 0.7959183 0.6938775
vt 0.8163265 0.6938775
vt 0.8367347 0.6938775
vt 0.8571429 0.6938775
vt 0.877551 0.6938775
vt 0.8979592 0.6938775
vt 0.9183673 0.6938775
vt 0.9387755 0.6938775
vt 0.9591836 0.6938775
vt 0.9795918 0.6938775
vt 1 0.6938775
vt 0 0.7142857
vt 0.02040816 0.7142857
vt 0.04081633 0.7142857
vt 0.06122449 0.7142857
vt 0.08163265 0.7142857
vt 0.1020408 0.7142857
vt 0.122449 0.7142857
vt 0.1428571 0.7142857
vt 0.1632653 0.7142857
vt 0.1836735 0.7142857
vt 0.2040816 0.7142857
vt 0.2244898 0.7142857
vt 0.244898 0.7142857
vt 0.2653061 0.7142857
vt 0.2857143 0.7142857
vt 0.3061225 0.7142857
vt 0.3265306 0.7142857
vt 0.3469388 0.7142857
vt 0.3673469 0.7142857
vt 0.3877551 0.7142857
vt 0.4081632 0.7142857
vt 0.4285714 0.7142857
vt 0.4489796 0.7142857
vt 0.4693877 0.7142857
vt 0.4897959 0.7142857
vt 0.5102041 0.7142857
vt 0.5306122 0.7142857
vt 0.5510204 0.7142857
vt 0.5714285 0.7142857
vt 0.5918368 0.7142857
vt 0.6122449 0.7142857
vt 0.6326531 0.7142857
vt 0.6530612 0.7142857
vt 0.6734694 0.7142857
vt 0.6938775 0.7142857
vt 0.7142857 0.7142857
vt 0.7346939 0.7142857
vt 0.755102 0.7142857
vt 0.7755102 0.7142857
vt 0.7959183 0.7142857
vt 0.8163265 0.7142857
vt 0.8367347 0.7142857
vt 0.8571429 0.7142857
vt 0.877551 0.7142857
vt 0.8979592 0.7142857
vt 0.9183673 0.7142857
vt 0.9387755 0.7142857
vt 0.9591836 0.7142857
vt 0.9795918 0.7142857
vt 1 0.7142857
vt 0 0.7346939
vt 0.02040816 0.7346939
vt 0.04081633 0.7346939
vt 0.06122449 0.7346939
vt 0.08163265 0.7346939
vt 0.1020408 0.7346939
vt 0.122449 0.7346939
vt 0.1428571 0.7346939
vt 0.1632653 0.7346939
vt 0.1836735 0.7346939
vt 0.2040816 0.7346939
vt 0.2244898 0.7346939
vt 0.244898 0.7346939
vt 0.2653061 0.7346939
vt 0.2857143 0.7346939
vt 0.3061225 0.7346939
vt 0.3265306 0.7346939
vt 0.3469388 0.7346939
vt 0.3673469 0.7346939
vt 0.3877551 0.7346939
vt 0.4081632 0.7346939
vt 0.4285714 0.7346939
vt 0.4489796 0.7346939
vt 0.4693877 0.7346939
vt 0.4897959 0.7346939
vt 0.5102041 0.7346939
vt 0.5306122 0.7346939
vt 0.5510204 0.7346939
vt 0.5714285 0.7346939
vt 0.5918368 0.7346939
vt 0.6122449 0.7346939
vt 0.6326531 0.7346939
vt 0.6530612 0.7346939
vt 0.6734694 0.7346939
vt 0.6938775 0.7346939
vt 0.7142857 0.7346939
vt 0.7346939 0.7346939
vt 0.755102 0.7346939
vt 0.7755102 0.7346939
vt 0.7959183 0.7346939
vt 0.8163265 0.7346939
vt 0.8367347 0.7346939
vt 0.8571429 0.7346939
vt 0.877551 0.7346939
vt 0.8979592 0.7346939
vt 0.9183673 0.7346939
vt 0.9387755 0.7346939
vt 0.9591836 0.7346939
vt 0.9795918 0.7346939
vt 1 0.7346939
vt 0 0.755102
vt 0.02040816 0.755102
vt 0.04081633 0.755102
vt 0.06122449 0.755102
vt 0.08163265 0.755102
vt 0.1020408 0.755102
vt 0.122449 0.755102
vt 0.1428571 0.755102
vt 0.1632653 0.755102
vt 0.1836735 0.755102
vt 0.2040816 0.755102
vt 0.2244898 0.755102
vt 0.244898 0.755102
vt 0.2653061 0.755102
vt 0.2857143 0.755102
vt 0.3061225 0.755102
vt 0.3265306 0.755102
vt 0.3469388 0.755102
vt 0.3673469 0.755102
vt 0.3877551 0.755102
vt 0.4081632 0.755102
vt 0.4285714 0.755102
vt 0.4489796 0.755102
vt 0.4693877 0.755102
vt 0.4897959 0.755102
vt 0.5102041 0.755102
vt 0.5306122 0.755102
vt 0.5510204 0.755102
vt 0.5714285 0.755102
vt 0.5918368 0.755102
vt 0.6122449 0.755102
vt 0.6326531 0.755102
vt 0.6530612 0.755102
vt 0.6734694 0.755102
vt 0.6938775 0.755102
vt 0.7142857 0.755102
vt 0.7346939 0.755102
vt 0.755102 0.755102
vt 0.7755102 0.755102
vt 0.7959183 0.755102
vt 0.8163265 0.755102
vt 0.8367347 0.755102
vt 0.8571429 0.755102
vt 0.877551 0.755102
vt 0.8979592 0.755102
vt 0.9183673 0.755102
vt 0.9387755 0.755102
vt 0.9591836 0.755102
vt 0.9795918 0.755102
vt 1 0.755102
vt 0 0.7755102
vt 0.02040816 0.7755102
vt 0.04081633 0.7755102
vt 0.06122449 0.7755102
vt 0.08163265 0.7755102
vt 0.1020408 0.7755102
vt 0.122449 0.7755102
vt 0.1428571 0.7755102
vt 0.1632653 0.7755102
vt 0.1836735 0.7755102
vt 0.2040816 0.7755102
vt 0.2244898 0.7755102
vt 0.244898 0.7755102
vt 0.2653061 0.7755102
vt 0.2857143 0.7755102
vt 0.3061225 0.7755102
vt 0.3265306 0.7755102
vt 0.3469388 0.7755102
vt 0.3673469 0.7755102
vt 0.3877551 0.7755102
vt 0.4081632 0.7755102
vt 0.4285714 0.7755102
vt 0.4489796 0.7755102
vt 0.4693877 0.7755102
vt 0.4897959 0.7755102
vt 0.5102041 0.7755102
vt 0.5306122 0.7755102
vt 0.5510204 0.7755102
vt 0.5714285 0.7755102
vt 0.5918368 0.7755102
vt 0.6122449 0.7755102
vt 0.6326531 0.7755102
vt 0.6530612 0.7755102
vt 0.6734694 0.7755102
vt 0.6938775 0.7755102
vt 0.7142857 0.7755102
vt 0.7346939 0.7755102
vt 0.755102 0.7755102
vt 0.7755102 0.7755102
vt 0.7959183 0.7755102
vt 0.8163265 0.7755102
vt 0.8367347 0.7755102
vt 0.8571429 0.7755102
vt 0.877551 0.7755102
vt 0.8979592 0.7755102
vt 0.9183673 0.7755102
vt 0.9387755 0.7755102
vt 0.9591836 0.7755102
vt 0.9795918 0.7755102
vt 1 0.7755102
vt 0 0.7959183
vt 0.02040816 0.7959183
vt 0.04081633 0.7959183
vt 0.06122449 0.7959183
vt 0.08163265 0.7959183
vt 0.1020408 0.7959183
vt 0.122449 0.7959183
vt 0.1428571 0.7959183
vt 0.1632653 0.7959183
vt 0.1836735 0.7959183
vt 0.2040816 0.7959183
vt 0.2244898 0.7959183
vt 0.244898 0.7959183
vt 0.2653061 0.7959183
vt 0.2857143 0.7959183
vt 0.3061225 0.7959183
vt 0.3265306 0.7959183
vt 0.3469388 0.7959183
vt 0.3673469 0.7959183
vt 0.3877551 0.7959183
vt 0.4081632 0.7959183
vt 0.4285714 0.7959183
vt 0.4489796 0.7959183
vt 0.4693877 0.7959183
vt 0.4897959 0.7959183
vt 0.5102041 0.7959183
vt 0.5306122 0.7959183
vt 0.5510204 0.7959183
vt 0.5714285 0.7959183
vt 0.5918368 0.7959183
vt 0.6122449 0.7959183
vt 0.6326531 0.7959183
vt 0.6530612 0.7959183
vt 0.6734694 0.7959183
vt 0.6938775 0.7959183
vt 0.7142857 0.7959183
vt 0.7346939 0.7959183
vt 0.755102 0.7959183
vt 0.7755102 0.7959183
vt 0.7959183 0.7959183
vt 0.8163265 0.7959183
vt 0.8367347 0.7959183
vt 0.8571429 0.7959183
vt 0.877551 0.7959183
vt 0.8979592 0.7959183
vt 0.9183673 0.7959183
vt 0.9387755 0.7959183
vt 0.9591836 0.7959183
vt 0.9795918 0.7959183
vt 1 0.7959183
vt 0 0.8163265
vt 0.02040816 0.8163265
vt 0.04081633 0.8163265
vt 0.06122449 0.8163265
vt 0.08163265 0.8163265
vt 0.1020408 0.8163265
vt 0.122449 0.8163265
vt 0.1428571 0.8163265
vt 0.1632653 0.8163265
vt 0.1836735 0.8163265
vt 0.2040816 0.8163265
vt 0.2244898 0.8163265
vt 0.244898 0.8163265
vt 0.2653061 0.8163265
vt 0.2857143 0.8163265
vt 0.3061225 0.8163265
vt 0.3265306 0.8163265
vt 0.3469388 0.8163265
vt 0.3673469 0.8163265
vt 0.3877551 0.8163265
vt 0.4081632 0.8163265
vt 0.4285714 0.8163265
vt 0.4489796 0.8163265
vt 0.4693877 0.8163265
vt 0.4897959 0.8163265
vt 0.5102041 0.8163265
vt 0.5306122 0.8163265
vt 0.5510204 0.8163265
vt 0.5714285 0.8163265
vt 0.5918368 0.8163265
vt 0.6122449 0.8163265
vt 0.6326531 0.8163265
vt 0.6530612 0.8163265
vt 0.6734694 0.8163265
vt 0.6938775 0.8163265
vt 0.7142857 0.8163265
vt 0.7346939 0.8163265
vt 0.755102 0.8163265
vt 0.7755102 0.8163265
vt 0.7959183 0.8163265
vt 0.8163265 0.8163265
vt 0.8367347 0.8163265
vt 0.8571429 0.8163265
vt 0.877551 0.8163265
vt 0.8979592 0.8163265
vt 0.9183673 0.8163265
vt 0.9387755 0.8163265
vt 0.9591836 0.8163265
vt 0.9795918 0.8163265
vt 1 0.8163265
vt 0 0.8367347
vt 0.02040816 0.8367347
vt 0.04081633 0.8367347
vt 0.06122449 0.8367347
vt 0.08163265 0.8367347
vt 0.1020408 0.8367347
vt 0.122449 0.8367347
vt 0.1428571 0.8367347
vt 0.1632653 0.8367347
vt 0.1836735 0.8367347
vt 0.2040816 0.8367347
vt 0.2244898 0.8367347
vt 0.244898 0.8367347
vt 0.2653061 0.8367347
vt 0.2857143 0.8367347
vt 0.3061225 0.8367347
vt 0.3265306 0.8367347
vt 0.3469388 0.8367347
vt 0.3673469 0.8367347
vt 0.3877551 0.8367347
vt 0.4081632 0.8367347
vt 0.4285714 0.8367347
vt 0.4489796 0.8367347
vt 0.4693877 0.8367347
vt 0.4897959 0.8367347
vt 0.5102041 0.8367347
vt 0.5306122 0.8367347
vt 0.5510204 0.8367347
vt 0.5714285 0.8367347
vt 0.5918368 0.8367347
vt 0.6122449 0.8367347
vt 0.6326531 0.8367347
vt 0.6530612 0.8367347
vt 0.6734694 0.8367347
vt 0.6938775 0.8367347
vt 0.7142857 0.8367347
vt 0.7346939 0.8367347
vt 0.755102 0.8367347
vt 0.7755102 0.8367347
vt 0.7959183 0.8367347
vt 0.8163265 0.8367347
vt 0.8367347 0.8367347
vt 0.8571429 0.8367347
vt 0.877551 0.8367347
vt 0.8979592 0.8367347
vt 0.9183673 0.8367347
vt 0.9387755 0.8367347
vt 0.9591836 0.8367347
vt 0.9795918 0.8367347
vt 1 0.8367347
vt 0 0.8571429
vt 0.02040816 0.8571429
vt 0.04081633 0.8571429
vt 0.06122449 0.8571429
vt 0.08163265 0.8571429
vt 0.1020408 0.8571429
vt 0.122449 0.8571429
vt 0.1428571 0.8571429
vt 0.1632653 0.8571429
vt 0.1836735 0.8571429
vt 0.2040816 0.8571429
vt 0.2244898 0.8571429
vt 0.244898 0.8571429
vt 0.2653061 0.8571429
vt 0.2857143 0.8571429
vt 0.3061225 0.8571429
vt 0.3265306 0.8571429
vt 0.3469388 0.8571429
vt 0.3673469 0.8571429
vt 0.3877551 0.8571429
vt 0.4081632 0.8571429
vt 0.4285714 0.8571429
vt 0.4489796 0.8571429
vt 0.4693877 0.8571429
vt 0.4897959 0.8571429
vt 0.5102041 0.8571429
vt 0.5306122 0.8571429
vt 0.5510204 0.8571429
vt 0.5714285 0.8571429
vt 0.5918368 0.8571429
vt 0.6122449 0.8571429
vt 0.6326531 0.8571429
vt 0.6530612 0.8571429
vt 0.6734694 0.8571429
vt 0.6938775 0.8571429
vt 0.7142857 0.8571429
vt 0.7346939 0.8571429
vt 0.755102 0.8571429
vt 0.7755102 0.8571429
vt 0.7959183 0.8571429
vt 0.8163265 0.8571429
vt 0.8367347 0.8571429
vt 0.8571429 0.8571429
vt 0.877551 0.8571429
vt 0.8979592 0.8571429
vt 0.9183673 0.8571429
vt 0.9387755 0.8571429
vt 0.9591836 0.8571429
vt 0.9795918 0.8571429
vt 1 0.8571429
vt 0 0.877551
vt 0.02040816 0.877551
vt 0.04081633 0.877551
vt 0.06122449 0.877551
vt 0.08163265 0.877551
vt 0.1020408 0.877551
vt 0.122449 0.877551
vt 0.1428571 0.877551
vt 0.1632653 0.877551
vt 0.1836735 0.877551
vt 0.2040816 0.877551
vt 0.2244898 0.877551
vt 0.244898 0.877551
vt 0.2653061 0.877551
vt 0.2857143 0.877551
vt 0.3061225 0.877551
vt 0.3265306 0.877551
vt 0.3469388 0.877551
vt 0.3673469 0.877551
vt 0.3877551 0.877551
vt 0.4081632 0.877551
vt 0.4285714 0.877551
vt 0.4489796 0.877551
vt 0.4693877 0.877551
vt 0.4897959 0.877551
vt 0.5102041 0.877551
vt 0.5306122 0.877551
vt 0.5510204 0.877551
vt 0.5714285 0.877551
vt 0.5918368 0.877551
vt 0.6122449 0.877551
vt 0.6326531 0.877551
vt 0.6530612 0.877551
vt 0.6734694 0.877551
vt 0.6938775 0.877551
vt 0.7142857 0.877551
vt 0.7346939 0.877551
vt 0.755102 0.877551
vt 0.7755102 0.877551
vt 0.7959183 0.877551
vt 0.8163265 0.877551
vt 0.8367347 0.877551
vt 0.8571429 0.877551
vt 0.877551 0.877551
vt 0.8979592 0.877551
vt 0.9183673 0.877551
vt 0.9387755 0.877551
vt 0.9591836 0.877551
vt 0.9795918 0.877551
vt 1 0.877551
vt 0 0.8979592
vt 0.02040816 0.8979592
vt 0.04081633 0.8979592
vt 0.06122449 0.8979592
vt 0.08163265 0.8979592
vt 0.1020408 0.8979592
vt 0.122449 0.8979592
vt 0.1428571 0.8979592
vt 0.1632653 0.8979592
vt 0.1836735 0.8979592
vt 0.2040816 0.8979592
vt 0.2244898 0.8979592
vt 0.244898 0.8979592
vt 0.2653061 0.8979592
vt 0.2857143 0.8979592
vt 0.3061225 0.8979592
vt 0.3265306 0.8979592
vt 0.3469388 0.8979592
vt 0.3673469 0.8979592
vt 0.3877551 0.8979592
vt 0.4081632 0.8979592
vt 0.4285714 0.8979592
vt 0.4489796 0.8979592
vt 0.4693877 0.8979592
vt 0.4897959 0.8979592
vt 0.5102041 0.8979592
vt 0.5306122 0.8979592
vt 0.5510204 0.8979592
vt 0.5714285 0.8979592
vt 0.5918368 0.8979592
vt 0.6122449 0.8979592
vt 0.6326531 0.8979592
vt 0.6530612 0.8979592
vt 0.6734694 0.8979592
vt 0.6938775 0.8979592
vt 0.7142857 0.8979592
vt 0.7346939 0.8979592
vt 0.755102 0.8979592
vt 0.7755102 0.8979592
vt 0.7959183 0.8979592
vt 0.8163265 0.8979592
vt 0.8367347 0.8979592
vt 0.8571429 0.8979592
vt 0.877551 0.8979592
vt 0.8979592 0.8979592
vt 0.9183673 0.8979592
vt 0.9387755 0.8979592
vt 0.9591836 0.8979592
vt 0.9795918 0.8979592
vt 1 0.8979592
vt 0 0.9183673
vt 0.02040816 0.9183673
vt 0.04081633 0.9183673
vt 0.06122449 0.9183673
vt 0.08163265 0.9183673
vt 0.1020408 0.9183673
vt 0.122449 0.9183673
vt 0.1428571 0.9183673
vt 0.1632653 0.9183673
vt 0.1836735 0.9183673
vt 0.2040816 0.9183673
vt 0.2244898 0.9183673
vt 0.244898 0.9183673
vt 0.2653061 0.9183673
vt 0.2857143 0.9183673
vt 0.3061225 0.9183673
vt 0.3265306 0.9183673
vt 0.3469388 0.9183673
vt 0.3673469 0.9183673
vt 0.3877551 0.9183673
vt 0.4081632 0.9183673
vt 0.4285714 0.9183673
vt 0.4489796 0.9183673
vt 0.4693877 0.9183673
vt 0.4897959 0.9183673
vt 0.5102041 0.9183673
vt 0.5306122 0.9183673
vt 0.5510204 0.9183673
vt 0.5714285 0.9183673
vt 0.5918368 0.9183673
vt 0.6122449 0.9183673
vt 0.6326531 0.9183673
vt 0.6530612 0.9183673
vt 0.6734694 0.9183673
vt 0.6938775 0.9183673
vt 0.7142857 0.9183673
vt 0.7346939 0.9183673
vt 0.755102 0.9183673
vt 0.7755102 0.9183673
vt 0.7959183 0.9183673
vt 0.8163265 0.9183673
vt 0.8367347 0.9183673
vt 0.8571429 0.9183673
vt 0.877551 0.9183673
vt 0.8979592 0.9183673
vt 0.9183673 0.9183673
vt 0.9387755 0.9183673
vt 0.9591836 0.9183673
vt 0.9795918 0.9183673
vt 1 0.9183673
vt 0 0.9387755
vt 0.02040816 0.9387755
vt 0.04081633 0.9387755
vt 0.06122449 0.9387755
vt 0.08163265 0.9387755
vt 0.1020408 0.9387755
vt 0.122449 0.9387755
vt 0.1428571 0.9387755
vt 0.1632653 0.9387755
vt 0.1836735 0.9387755
vt 0.2040816 0.9387755
vt 0.2244898 0.9387755
vt 0.244898 0.9387755
vt 0.2653061 0.9387755
vt 0.2857143 0.9387755
vt 0.3061225 0.9387755
vt 0.3265306 0.9387755
vt 0.3469388 0.9387755
vt 0.3673469 0.9387755
vt 0.3877551 0.9387755
vt 0.4081632 0.9387755
vt 0.4285714 0.9387755
vt 0.4489796 0.9387755
vt 0.4693877 0.9387755
vt 0.4897959 0.9387755
vt 0.5102041 0.9387755
vt 0.5306122 0.9387755
vt 0.5510204 0.9387755
vt 0.5714285 0.9387755
vt 0.5918368 0.9387755
vt 0.6122449 0.9387755
vt 0.6326531 0.9387755
vt 0.6530612 0.9387755
vt 0.6734694 0.9387755
vt 0.6938775 0.9387755
vt 0.7142857 0.9387755
vt 0.7346939 0.9387755
vt 0.755102 0.9387755
vt 0.7755102 0.9387755
vt 0.7959183 0.9387755
vt 0.8163265 0.9387755
vt 0.8367347 0.9387755
vt 0.8571429 0.9387755
vt 0.877551 0.9387755
vt 0.8979592 0.9387755
vt 0.9183673 0.9387755
vt 0.9387755 0.9387755
vt 0.9591836 0.9387755
vt 0.9795918 0.9387755
vt 1 0.9387755
vt 0 0.9591836
vt 0.02040816 0.9591836
vt 0.04081633 0.9591836
vt 0.06122449 0.9591836
vt 0.08163265 0.9591836
vt 0.1020408 0.9591836
vt 0.122449 0.9591836
vt 0.1428571 0.9591836
vt 0.1632653 0.9591836
vt 0.1836735 0.9591836
vt 0.2040816 0.9591836
vt 0.2244898 0.9591836
vt 0.244898 0.9591836
vt 0.2653061 0.9591836
vt 0.2857143 0.9591836
vt 0.3061225 0.9591836
vt 0.3265306 0.9591836
vt 0.3469388 0.9591836
vt 0.3673469 0.9591836
vt 0.3877551 0.9591836
vt 0.4081632 0.9591836
vt 0.4285714 0.9591836
vt 0.4489796 0.9591836
vt 0.4693877 0.9591836
vt 0.4897959 0.9591836
vt 0.5102041 0.9591836
vt 0.5306122 0.9591836
vt 0.5510204 0.9591836
vt 0.5714285 0.9591836
vt 0.5918368 0.9591836
vt 0.6122449 0.9591836
vt 0.6326531 0.9591836
vt 0.6530612 0.9591836
vt 0.6734694 0.9591836
vt 0.6938775 0.9591836
vt 0.7142857 0.9591836
vt 0.7346939 0.9591836
vt 0.755102 0.9591836
vt 0.7755102 0.9591836
vt 0.7959183 0.9591836
vt 0.8163265 0.9591836
vt 0.8367347 0.9591836
vt 0.8571429 0.9591836
vt 0.877551 0.9591836
vt 0.8979592 0.9591836
vt 0.9183673 0.9591836
vt 0.9387755 0.9591836
vt 0.9591836 0.9591836
vt 0.9795918 0.9591836
vt 1 0.9591836
vt 0 0.9795918
vt 0.02040816 0.9795918
vt 0.04081633 0.9795918
vt 0.06122449 0.9795918
vt 0.08163265 0.9795918
vt 0.1020408 0.9795918
vt 0.122449 0.9795918
vt 0.1428571 0.9795918
vt 0.1632653 0.9795918
vt 0.1836735 0.9795918
vt 0.2040816 0.9795918
vt 0.2244898 0.9795918
vt 0.244898 0.9795918
vt 0.2653061 0.9795918
vt 0.2857143 0.9795918
vt 0.3061225 0.9795918
vt 0.3265306 0.9795918
vt 0.3469388 0.9795918
vt 0.3673469 0.9795918
vt 0.3877551 0.9795918
vt 0.4081632 0.9795918
vt 0.4285714 0.9795918
vt 0.4489796 0.9795918
vt 0.4693877 0.9795918
vt 0.4897959 0.9795918
vt 0.5102041 0.9795918
vt 0.5306122 0.9795918
vt 0.5510204 0.9795918
vt 0.5714285 0.9795918
vt 0.5918368 0.9795918
vt 0.6122449 0.9795918
vt 0.6326531 0.9795918
vt 0.6530612 0.9795918
vt 0.6734694 0.9795918
vt 0.6938775 0.9795918
vt 0.7142857 0.9795918
vt 0.7346939 0.9795918
vt 0.755102 0.9795918
vt 0.7755102 0.9795918
vt 0.7959183 0.9795918
vt 0.8163265 0.9795918
vt 0.8367347 0.9795918
vt 0.8571429 0.9795918
vt 0.877551 0.9795918
vt 0.8979592 0.9795918
vt 0.9183673 0.9795918
vt 0.9387755 0.9795918
vt 0.9591836 0.9795918
vt 0.9795918 0.9795918
vt 1 0.9795918
vt 0 1
vt 0.02040816 1
vt 0.04081633 1
vt 0.06122449 1
vt 0.08163265 1
vt 0.1020408 1
vt 0.122449 1
vt 0.1428571 1
vt 0.1632653 1
vt 0.1836735 1
vt 0.2040816 1
vt 0.2244898 1
vt 0.244898 1
vt 0.2653061 1
vt 0.2857143 1
vt 0.3061225 1
vt 0.3265306 1
vt 0.3469388 1
vt 0.3673469 1
vt 0.3877551 1
vt 0.4081632 1
vt 0.4285714 1
vt 0.4489796 1
vt 0.4693877 1
vt 0.4897959 1
vt 0.5102041 1
vt 0.5306122 1
vt 0.5510204 1
vt 0.5714285 1
vt 0.5918368 1
vt 0.6122449 1
vt 0.6326531 1
vt 0.6530612 1
vt 0.6734694 1
vt 0.6938775 1
vt 0.7142857 1
vt 0.7346939 1
vt 0.755102 1
vt 0.7755102 1
vt 0.7959183 1
vt 0.8163265 1
vt 0.8367347 1
vt 0.8571429 1
vt 0.877551 1
vt 0.8979592 1
vt 0.9183673 1
vt 0.9387755 1
vt 0.9591836 1
vt 0.9795918 1
vt 1 1
g Terrain_(10000.00, -298.00, -30000.00)
f 52/52 51/51 1/1
f 2/2 52/52 1/1
f 53/53 52/52 2/2
f 3/3 53/53 2/2
f 54/54 53/53 3/3
f 4/4 54/54 3/3
f 55/55 54/54 4/4
f 5/5 55/55 4/4
f 56/56 55/55 5/5
f 6/6 56/56 5/5
f 57/57 56/56 6/6
f 7/7 57/57 6/6
f 58/58 57/57 7/7
f 8/8 58/58 7/7
f 59/59 58/58 8/8
f 9/9 59/59 8/8
f 60/60 59/59 9/9
f 10/10 60/60 9/9
f 61/61 60/60 10/10
f 11/11 61/61 10/10
f 62/62 61/61 11/11
f 12/12 62/62 11/11
f 63/63 62/62 12/12
f 13/13 63/63 12/12
f 64/64 63/63 13/13
f 14/14 64/64 13/13
f 65/65 64/64 14/14
f 15/15 65/65 14/14
f 66/66 65/65 15/15
f 16/16 66/66 15/15
f 67/67 66/66 16/16
f 17/17 67/67 16/16
f 68/68 67/67 17/17
f 18/18 68/68 17/17
f 69/69 68/68 18/18
f 19/19 69/69 18/18
f 70/70 69/69 19/19
f 20/20 70/70 19/19
f 71/71 70/70 20/20
f 21/21 71/71 20/20
f 72/72 71/71 21/21
f 22/22 72/72 21/21
f 73/73 72/72 22/22
f 23/23 73/73 22/22
f 74/74 73/73 23/23
f 24/24 74/74 23/23
f 75/75 74/74 24/24
f 25/25 75/75 24/24
f 76/76 75/75 25/25
f 26/26 76/76 25/25
f 77/77 76/76 26/26
f 27/27 77/77 26/26
f 78/78 77/77 27/27
f 28/28 78/78 27/27
f 79/79 78/78 28/28
f 29/29 79/79 28/28
f 80/80 79/79 29/29
f 30/30 80/80 29/29
f 81/81 80/80 30/30
f 31/31 81/81 30/30
f 82/82 81/81 31/31
f 32/32 82/82 31/31
f 83/83 82/82 32/32
f 33/33 83/83 32/32
f 84/84 83/83 33/33
f 34/34 84/84 33/33
f 85/85 84/84 34/34
f 35/35 85/85 34/34
f 86/86 85/85 35/35
f 36/36 86/86 35/35
f 87/87 86/86 36/36
f 37/37 87/87 36/36
f 88/88 87/87 37/37
f 38/38 88/88 37/37
f 89/89 88/88 38/38
f 39/39 89/89 38/38
f 90/90 89/89 39/39
f 40/40 90/90 39/39
f 91/91 90/90 40/40
f 41/41 91/91 40/40
f 92/92 91/91 41/41
f 42/42 92/92 41/41
f 93/93 92/92 42/42
f 43/43 93/93 42/42
f 94/94 93/93 43/43
f 44/44 94/94 43/43
f 95/95 94/94 44/44
f 45/45 95/95 44/44
f 96/96 95/95 45/45
f 46/46 96/96 45/45
f 97/97 96/96 46/46
f 47/47 97/97 46/46
f 98/98 97/97 47/47
f 48/48 98/98 47/47
f 99/99 98/98 48/48
f 49/49 99/99 48/48
f 100/100 99/99 49/49
f 50/50 100/100 49/49
f 102/102 101/101 51/51
f 52/52 102/102 51/51
f 103/103 102/102 52/52
f 53/53 103/103 52/52
f 104/104 103/103 53/53
f 54/54 104/104 53/53
f 105/105 104/104 54/54
f 55/55 105/105 54/54
f 106/106 105/105 55/55
f 56/56 106/106 55/55
f 107/107 106/106 56/56
f 57/57 107/107 56/56
f 108/108 107/107 57/57
f 58/58 108/108 57/57
f 109/109 108/108 58/58
f 59/59 109/109 58/58
f 110/110 109/109 59/59
f 60/60 110/110 59/59
f 111/111 110/110 60/60
f 61/61 111/111 60/60
f 112/112 111/111 61/61
f 62/62 112/112 61/61
f 113/113 112/112 62/62
f 63/63 113/113 62/62
f 114/114 113/113 63/63
f 64/64 114/114 63/63
f 115/115 114/114 64/64
f 65/65 115/115 64/64
f 116/116 115/115 65/65
f 66/66 116/116 65/65
f 117/117 116/116 66/66
f 67/67 117/117 66/66
f 118/118 117/117 67/67
f 68/68 118/118 67/67
f 119/119 118/118 68/68
f 69/69 119/119 68/68
f 120/120 119/119 69/69
f 70/70 120/120 69/69
f 121/121 120/120 70/70
f 71/71 121/121 70/70
f 122/122 121/121 71/71
f 72/72 122/122 71/71
f 123/123 122/122 72/72
f 73/73 123/123 72/72
f 124/124 123/123 73/73
f 74/74 124/124 73/73
f 125/125 124/124 74/74
f 75/75 125/125 74/74
f 126/126 125/125 75/75
f 76/76 126/126 75/75
f 127/127 126/126 76/76
f 77/77 127/127 76/76
f 128/128 127/127 77/77
f 78/78 128/128 77/77
f 129/129 128/128 78/78
f 79/79 129/129 78/78
f 130/130 129/129 79/79
f 80/80 130/130 79/79
f 131/131 130/130 80/80
f 81/81 131/131 80/80
f 132/132 131/131 81/81
f 82/82 132/132 81/81
f 133/133 132/132 82/82
f 83/83 133/133 82/82
f 134/134 133/133 83/83
f 84/84 134/134 83/83
f 135/135 134/134 84/84
f 85/85 135/135 84/84
f 136/136 135/135 85/85
f 86/86 136/136 85/85
f 137/137 136/136 86/86
f 87/87 137/137 86/86
f 138/138 137/137 87/87
f 88/88 138/138 87/87
f 139/139 138/138 88/88
f 89/89 139/139 88/88
f 140/140 139/139 89/89
f 90/90 140/140 89/89
f 141/141 140/140 90/90
f 91/91 141/141 90/90
f 142/142 141/141 91/91
f 92/92 142/142 91/91
f 143/143 142/142 92/92
f 93/93 143/143 92/92
f 144/144 143/143 93/93
f 94/94 144/144 93/93
f 145/145 144/144 94/94
f 95/95 145/145 94/94
f 146/146 145/145 95/95
f 96/96 146/146 95/95
f 147/147 146/146 96/96
f 97/97 147/147 96/96
f 148/148 147/147 97/97
f 98/98 148/148 97/97
f 149/149 148/148 98/98
f 99/99 149/149 98/98
f 150/150 149/149 99/99
f 100/100 150/150 99/99
f 152/152 151/151 101/101
f 102/102 152/152 101/101
f 153/153 152/152 102/102
f 103/103 153/153 102/102
f 154/154 153/153 103/103
f 104/104 154/154 103/103
f 155/155 154/154 104/104
f 105/105 155/155 104/104
f 156/156 155/155 105/105
f 106/106 156/156 105/105
f 157/157 156/156 106/106
f 107/107 157/157 106/106
f 158/158 157/157 107/107
f 108/108 158/158 107/107
f 159/159 158/158 108/108
f 109/109 159/159 108/108
f 160/160 159/159 109/109
f 110/110 160/160 109/109
f 161/161 160/160 110/110
f 111/111 161/161 110/110
f 162/162 161/161 111/111
f 112/112 162/162 111/111
f 163/163 162/162 112/112
f 113/113 163/163 112/112
f 164/164 163/163 113/113
f 114/114 164/164 113/113
f 165/165 164/164 114/114
f 115/115 165/165 114/114
f 166/166 165/165 115/115
f 116/116 166/166 115/115
f 167/167 166/166 116/116
f 117/117 167/167 116/116
f 168/168 167/167 117/117
f 118/118 168/168 117/117
f 169/169 168/168 118/118
f 119/119 169/169 118/118
f 170/170 169/169 119/119
f 120/120 170/170 119/119
f 171/171 170/170 120/120
f 121/121 171/171 120/120
f 172/172 171/171 121/121
f 122/122 172/172 121/121
f 173/173 172/172 122/122
f 123/123 173/173 122/122
f 174/174 173/173 123/123
f 124/124 174/174 123/123
f 175/175 174/174 124/124
f 125/125 175/175 124/124
f 176/176 175/175 125/125
f 126/126 176/176 125/125
f 177/177 176/176 126/126
f 127/127 177/177 126/126
f 178/178 177/177 127/127
f 128/128 178/178 127/127
f 179/179 178/178 128/128
f 129/129 179/179 128/128
f 180/180 179/179 129/129
f 130/130 180/180 129/129
f 181/181 180/180 130/130
f 131/131 181/181 130/130
f 182/182 181/181 131/131
f 132/132 182/182 131/131
f 183/183 182/182 132/132
f 133/133 183/183 132/132
f 184/184 183/183 133/133
f 134/134 184/184 133/133
f 185/185 184/184 134/134
f 135/135 185/185 134/134
f 186/186 185/185 135/135
f 136/136 186/186 135/135
f 187/187 186/186 136/136
f 137/137 187/187 136/136
f 188/188 187/187 137/137
f 138/138 188/188 137/137
f 189/189 188/188 138/138
f 139/139 189/189 138/138
f 190/190 189/189 139/139
f 140/140 190/190 139/139
f 191/191 190/190 140/140
f 141/141 191/191 140/140
f 192/192 191/191 141/141
f 142/142 192/192 141/141
f 193/193 192/192 142/142
f 143/143 193/193 142/142
f 194/194 193/193 143/143
f 144/144 194/194 143/143
f 195/195 194/194 144/144
f 145/145 195/195 144/144
f 196/196 195/195 145/145
f 146/146 196/196 145/145
f 197/197 196/196 146/146
f 147/147 197/197 146/146
f 198/198 197/197 147/147
f 148/148 198/198 147/147
f 199/199 198/198 148/148
f 149/149 199/199 148/148
f 200/200 199/199 149/149
f 150/150 200/200 149/149
f 202/202 201/201 151/151
f 152/152 202/202 151/151
f 203/203 202/202 152/152
f 153/153 203/203 152/152
f 204/204 203/203 153/153
f 154/154 204/204 153/153
f 205/205 204/204 154/154
f 155/155 205/205 154/154
f 206/206 205/205 155/155
f 156/156 206/206 155/155
f 207/207 206/206 156/156
f 157/157 207/207 156/156
f 208/208 207/207 157/157
f 158/158 208/208 157/157
f 209/209 208/208 158/158
f 159/159 209/209 158/158
f 210/210 209/209 159/159
f 160/160 210/210 159/159
f 211/211 210/210 160/160
f 161/161 211/211 160/160
f 212/212 211/211 161/161
f 162/162 212/212 161/161
f 213/213 212/212 162/162
f 163/163 213/213 162/162
f 214/214 213/213 163/163
f 164/164 214/214 163/163
f 215/215 214/214 164/164
f 165/165 215/215 164/164
f 216/216 215/215 165/165
f 166/166 216/216 165/165
f 217/217 216/216 166/166
f 167/167 217/217 166/166
f 218/218 217/217 167/167
f 168/168 218/218 167/167
f 219/219 218/218 168/168
f 169/169 219/219 168/168
f 220/220 219/219 169/169
f 170/170 220/220 169/169
f 221/221 220/220 170/170
f 171/171 221/221 170/170
f 222/222 221/221 171/171
f 172/172 222/222 171/171
f 223/223 222/222 172/172
f 173/173 223/223 172/172
f 224/224 223/223 173/173
f 174/174 224/224 173/173
f 225/225 224/224 174/174
f 175/175 225/225 174/174
f 226/226 225/225 175/175
f 176/176 226/226 175/175
f 227/227 226/226 176/176
f 177/177 227/227 176/176
f 228/228 227/227 177/177
f 178/178 228/228 177/177
f 229/229 228/228 178/178
f 179/179 229/229 178/178
f 230/230 229/229 179/179
f 180/180 230/230 179/179
f 231/231 230/230 180/180
f 181/181 231/231 180/180
f 232/232 231/231 181/181
f 182/182 232/232 181/181
f 233/233 232/232 182/182
f 183/183 233/233 182/182
f 234/234 233/233 183/183
f 184/184 234/234 183/183
f 235/235 234/234 184/184
f 185/185 235/235 184/184
f 236/236 235/235 185/185
f 186/186 236/236 185/185
f 237/237 236/236 186/186
f 187/187 237/237 186/186
f 238/238 237/237 187/187
f 188/188 238/238 187/187
f 239/239 238/238 188/188
f 189/189 239/239 188/188
f 240/240 239/239 189/189
f 190/190 240/240 189/189
f 241/241 240/240 190/190
f 191/191 241/241 190/190
f 242/242 241/241 191/191
f 192/192 242/242 191/191
f 243/243 242/242 192/192
f 193/193 243/243 192/192
f 244/244 243/243 193/193
f 194/194 244/244 193/193
f 245/245 244/244 194/194
f 195/195 245/245 194/194
f 246/246 245/245 195/195
f 196/196 246/246 195/195
f 247/247 246/246 196/196
f 197/197 247/247 196/196
f 248/248 247/247 197/197
f 198/198 248/248 197/197
f 249/249 248/248 198/198
f 199/199 249/249 198/198
f 250/250 249/249 199/199
f 200/200 250/250 199/199
f 252/252 251/251 201/201
f 202/202 252/252 201/201
f 253/253 252/252 202/202
f 203/203 253/253 202/202
f 254/254 253/253 203/203
f 204/204 254/254 203/203
f 255/255 254/254 204/204
f 205/205 255/255 204/204
f 256/256 255/255 205/205
f 206/206 256/256 205/205
f 257/257 256/256 206/206
f 207/207 257/257 206/206
f 258/258 257/257 207/207
f 208/208 258/258 207/207
f 259/259 258/258 208/208
f 209/209 259/259 208/208
f 260/260 259/259 209/209
f 210/210 260/260 209/209
f 261/261 260/260 210/210
f 211/211 261/261 210/210
f 262/262 261/261 211/211
f 212/212 262/262 211/211
f 263/263 262/262 212/212
f 213/213 263/263 212/212
f 264/264 263/263 213/213
f 214/214 264/264 213/213
f 265/265 264/264 214/214
f 215/215 265/265 214/214
f 266/266 265/265 215/215
f 216/216 266/266 215/215
f 267/267 266/266 216/216
f 217/217 267/267 216/216
f 268/268 267/267 217/217
f 218/218 268/268 217/217
f 269/269 268/268 218/218
f 219/219 269/269 218/218
f 270/270 269/269 219/219
f 220/220 270/270 219/219
f 271/271 270/270 220/220
f 221/221 271/271 220/220
f 272/272 271/271 221/221
f 222/222 272/272 221/221
f 273/273 272/272 222/222
f 223/223 273/273 222/222
f 274/274 273/273 223/223
f 224/224 274/274 223/223
f 275/275 274/274 224/224
f 225/225 275/275 224/224
f 276/276 275/275 225/225
f 226/226 276/276 225/225
f 277/277 276/276 226/226
f 227/227 277/277 226/226
f 278/278 277/277 227/227
f 228/228 278/278 227/227
f 279/279 278/278 228/228
f 229/229 279/279 228/228
f 280/280 279/279 229/229
f 230/230 280/280 229/229
f 281/281 280/280 230/230
f 231/231 281/281 230/230
f 282/282 281/281 231/231
f 232/232 282/282 231/231
f 283/283 282/282 232/232
f 233/233 283/283 232/232
f 284/284 283/283 233/233
f 234/234 284/284 233/233
f 285/285 284/284 234/234
f 235/235 285/285 234/234
f 286/286 285/285 235/235
f 236/236 286/286 235/235
f 287/287 286/286 236/236
f 237/237 287/287 236/236
f 288/288 287/287 237/237
f 238/238 288/288 237/237
f 289/289 288/288 238/238
f 239/239 289/289 238/238
f 290/290 289/289 239/239
f 240/240 290/290 239/239
f 291/291 290/290 240/240
f 241/241 291/291 240/240
f 292/292 291/291 241/241
f 242/242 292/292 241/241
f 293/293 292/292 242/242
f 243/243 293/293 242/242
f 294/294 293/293 243/243
f 244/244 294/294 243/243
f 295/295 294/294 244/244
f 245/245 295/295 244/244
f 296/296 295/295 245/245
f 246/246 296/296 245/245
f 297/297 296/296 246/246
f 247/247 297/297 246/246
f 298/298 297/297 247/247
f 248/248 298/298 247/247
f 299/299 298/298 248/248
f 249/249 299/299 248/248
f 300/300 299/299 249/249
f 250/250 300/300 249/249
f 302/302 301/301 251/251
f 252/252 302/302 251/251
f 303/303 302/302 252/252
f 253/253 303/303 252/252
f 304/304 303/303 253/253
f 254/254 304/304 253/253
f 305/305 304/304 254/254
f 255/255 305/305 254/254
f 306/306 305/305 255/255
f 256/256 306/306 255/255
f 307/307 306/306 256/256
f 257/257 307/307 256/256
f 308/308 307/307 257/257
f 258/258 308/308 257/257
f 309/309 308/308 258/258
f 259/259 309/309 258/258
f 310/310 309/309 259/259
f 260/260 310/310 259/259
f 311/311 310/310 260/260
f 261/261 311/311 260/260
f 312/312 311/311 261/261
f 262/262 312/312 261/261
f 313/313 312/312 262/262
f 263/263 313/313 262/262
f 314/314 313/313 263/263
f 264/264 314/314 263/263
f 315/315 314/314 264/264
f 265/265 315/315 264/264
f 316/316 315/315 265/265
f 266/266 316/316 265/265
f 317/317 316/316 266/266
f 267/267 317/317 266/266
f 318/318 317/317 267/267
f 268/268 318/318 267/267
f 319/319 318/318 268/268
f 269/269 319/319 268/268
f 320/320 319/319 269/269
f 270/270 320/320 269/269
f 321/321 320/320 270/270
f 271/271 321/321 270/270
f 322/322 321/321 271/271
f 272/272 322/322 271/271
f 323/323 322/322 272/272
f 273/273 323/323 272/272
f 324/324 323/323 273/273
f 274/274 324/324 273/273
f 325/325 324/324 274/274
f 275/275 325/325 274/274
f 326/326 325/325 275/275
f 276/276 326/326 275/275
f 327/327 326/326 276/276
f 277/277 327/327 276/276
f 328/328 327/327 277/277
f 278/278 328/328 277/277
f 329/329 328/328 278/278
f 279/279 329/329 278/278
f 330/330 329/329 279/279
f 280/280 330/330 279/279
f 331/331 330/330 280/280
f 281/281 331/331 280/280
f 332/332 331/331 281/281
f 282/282 332/332 281/281
f 333/333 332/332 282/282
f 283/283 333/333 282/282
f 334/334 333/333 283/283
f 284/284 334/334 283/283
f 335/335 334/334 284/284
f 285/285 335/335 284/284
f 336/336 335/335 285/285
f 286/286 336/336 285/285
f 337/337 336/336 286/286
f 287/287 337/337 286/286
f 338/338 337/337 287/287
f 288/288 338/338 287/287
f 339/339 338/338 288/288
f 289/289 339/339 288/288
f 340/340 339/339 289/289
f 290/290 340/340 289/289
f 341/341 340/340 290/290
f 291/291 341/341 290/290
f 342/342 341/341 291/291
f 292/292 342/342 291/291
f 343/343 342/342 292/292
f 293/293 343/343 292/292
f 344/344 343/343 293/293
f 294/294 344/344 293/293
f 345/345 344/344 294/294
f 295/295 345/345 294/294
f 346/346 345/345 295/295
f 296/296 346/346 295/295
f 347/347 346/346 296/296
f 297/297 347/347 296/296
f 348/348 347/347 297/297
f 298/298 348/348 297/297
f 349/349 348/348 298/298
f 299/299 349/349 298/298
f 350/350 349/349 299/299
f 300/300 350/350 299/299
f 352/352 351/351 301/301
f 302/302 352/352 301/301
f 353/353 352/352 302/302
f 303/303 353/353 302/302
f 354/354 353/353 303/303
f 304/304 354/354 303/303
f 355/355 354/354 304/304
f 305/305 355/355 304/304
f 356/356 355/355 305/305
f 306/306 356/356 305/305
f 357/357 356/356 306/306
f 307/307 357/357 306/306
f 358/358 357/357 307/307
f 308/308 358/358 307/307
f 359/359 358/358 308/308
f 309/309 359/359 308/308
f 360/360 359/359 309/309
f 310/310 360/360 309/309
f 361/361 360/360 310/310
f 311/311 361/361 310/310
f 362/362 361/361 311/311
f 312/312 362/362 311/311
f 363/363 362/362 312/312
f 313/313 363/363 312/312
f 364/364 363/363 313/313
f 314/314 364/364 313/313
f 365/365 364/364 314/314
f 315/315 365/365 314/314
f 366/366 365/365 315/315
f 316/316 366/366 315/315
f 367/367 366/366 316/316
f 317/317 367/367 316/316
f 368/368 367/367 317/317
f 318/318 368/368 317/317
f 369/369 368/368 318/318
f 319/319 369/369 318/318
f 370/370 369/369 319/319
f 320/320 370/370 319/319
f 371/371 370/370 320/320
f 321/321 371/371 320/320
f 372/372 371/371 321/321
f 322/322 372/372 321/321
f 373/373 372/372 322/322
f 323/323 373/373 322/322
f 374/374 373/373 323/323
f 324/324 374/374 323/323
f 375/375 374/374 324/324
f 325/325 375/375 324/324
f 376/376 375/375 325/325
f 326/326 376/376 325/325
f 377/377 376/376 326/326
f 327/327 377/377 326/326
f 378/378 377/377 327/327
f 328/328 378/378 327/327
f 379/379 378/378 328/328
f 329/329 379/379 328/328
f 380/380 379/379 329/329
f 330/330 380/380 329/329
f 381/381 380/380 330/330
f 331/331 381/381 330/330
f 382/382 381/381 331/331
f 332/332 382/382 331/331
f 383/383 382/382 332/332
f 333/333 383/383 332/332
f 384/384 383/383 333/333
f 334/334 384/384 333/333
f 385/385 384/384 334/334
f 335/335 385/385 334/334
f 386/386 385/385 335/335
f 336/336 386/386 335/335
f 387/387 386/386 336/336
f 337/337 387/387 336/336
f 388/388 387/387 337/337
f 338/338 388/388 337/337
f 389/389 388/388 338/338
f 339/339 389/389 338/338
f 390/390 389/389 339/339
f 340/340 390/390 339/339
f 391/391 390/390 340/340
f 341/341 391/391 340/340
f 392/392 391/391 341/341
f 342/342 392/392 341/341
f 393/393 392/392 342/342
f 343/343 393/393 342/342
f 394/394 393/393 343/343
f 344/344 394/394 343/343
f 395/395 394/394 344/344
f 345/345 395/395 344/344
f 396/396 395/395 345/345
f 346/346 396/396 345/345
f 397/397 396/396 346/346
f 347/347 397/397 346/346
f 398/398 397/397 347/347
f 348/348 398/398 347/347
f 399/399 398/398 348/348
f 349/349 399/399 348/348
f 400/400 399/399 349/349
f 350/350 400/400 349/349
f 402/402 401/401 351/351
f 352/352 402/402 351/351
f 403/403 402/402 352/352
f 353/353 403/403 352/352
f 404/404 403/403 353/353
f 354/354 404/404 353/353
f 405/405 404/404 354/354
f 355/355 405/405 354/354
f 406/406 405/405 355/355
f 356/356 406/406 355/355
f 407/407 406/406 356/356
f 357/357 407/407 356/356
f 408/408 407/407 357/357
f 358/358 408/408 357/357
f 409/409 408/408 358/358
f 359/359 409/409 358/358
f 410/410 409/409 359/359
f 360/360 410/410 359/359
f 411/411 410/410 360/360
f 361/361 411/411 360/360
f 412/412 411/411 361/361
f 362/362 412/412 361/361
f 413/413 412/412 362/362
f 363/363 413/413 362/362
f 414/414 413/413 363/363
f 364/364 414/414 363/363
f 415/415 414/414 364/364
f 365/365 415/415 364/364
f 416/416 415/415 365/365
f 366/366 416/416 365/365
f 417/417 416/416 366/366
f 367/367 417/417 366/366
f 418/418 417/417 367/367
f 368/368 418/418 367/367
f 419/419 418/418 368/368
f 369/369 419/419 368/368
f 420/420 419/419 369/369
f 370/370 420/420 369/369
f 421/421 420/420 370/370
f 371/371 421/421 370/370
f 422/422 421/421 371/371
f 372/372 422/422 371/371
f 423/423 422/422 372/372
f 373/373 423/423 372/372
f 424/424 423/423 373/373
f 374/374 424/424 373/373
f 425/425 424/424 374/374
f 375/375 425/425 374/374
f 426/426 425/425 375/375
f 376/376 426/426 375/375
f 427/427 426/426 376/376
f 377/377 427/427 376/376
f 428/428 427/427 377/377
f 378/378 428/428 377/377
f 429/429 428/428 378/378
f 379/379 429/429 378/378
f 430/430 429/429 379/379
f 380/380 430/430 379/379
f 431/431 430/430 380/380
f 381/381 431/431 380/380
f 432/432 431/431 381/381
f 382/382 432/432 381/381
f 433/433 432/432 382/382
f 383/383 433/433 382/382
f 434/434 433/433 383/383
f 384/384 434/434 383/383
f 435/435 434/434 384/384
f 385/385 435/435 384/384
f 436/436 435/435 385/385
f 386/386 436/436 385/385
f 437/437 436/436 386/386
f 387/387 437/437 386/386
f 438/438 437/437 387/387
f 388/388 438/438 387/387
f 439/439 438/438 388/388
f 389/389 439/439 388/388
f 440/440 439/439 389/389
f 390/390 440/440 389/389
f 441/441 440/440 390/390
f 391/391 441/441 390/390
f 442/442 441/441 391/391
f 392/392 442/442 391/391
f 443/443 442/442 392/392
f 393/393 443/443 392/392
f 444/444 443/443 393/393
f 394/394 444/444 393/393
f 445/445 444/444 394/394
f 395/395 445/445 394/394
f 446/446 445/445 395/395
f 396/396 446/446 395/395
f 447/447 446/446 396/396
f 397/397 447/447 396/396
f 448/448 447/447 397/397
f 398/398 448/448 397/397
f 449/449 448/448 398/398
f 399/399 449/449 398/398
f 450/450 449/449 399/399
f 400/400 450/450 399/399
f 452/452 451/451 401/401
f 402/402 452/452 401/401
f 453/453 452/452 402/402
f 403/403 453/453 402/402
f 454/454 453/453 403/403
f 404/404 454/454 403/403
f 455/455 454/454 404/404
f 405/405 455/455 404/404
f 456/456 455/455 405/405
f 406/406 456/456 405/405
f 457/457 456/456 406/406
f 407/407 457/457 406/406
f 458/458 457/457 407/407
f 408/408 458/458 407/407
f 459/459 458/458 408/408
f 409/409 459/459 408/408
f 460/460 459/459 409/409
f 410/410 460/460 409/409
f 461/461 460/460 410/410
f 411/411 461/461 410/410
f 462/462 461/461 411/411
f 412/412 462/462 411/411
f 463/463 462/462 412/412
f 413/413 463/463 412/412
f 464/464 463/463 413/413
f 414/414 464/464 413/413
f 465/465 464/464 414/414
f 415/415 465/465 414/414
f 466/466 465/465 415/415
f 416/416 466/466 415/415
f 467/467 466/466 416/416
f 417/417 467/467 416/416
f 468/468 467/467 417/417
f 418/418 468/468 417/417
f 469/469 468/468 418/418
f 419/419 469/469 418/418
f 470/470 469/469 419/419
f 420/420 470/470 419/419
f 471/471 470/470 420/420
f 421/421 471/471 420/420
f 472/472 471/471 421/421
f 422/422 472/472 421/421
f 473/473 472/472 422/422
f 423/423 473/473 422/422
f 474/474 473/473 423/423
f 424/424 474/474 423/423
f 475/475 474/474 424/424
f 425/425 475/475 424/424
f 476/476 475/475 425/425
f 426/426 476/476 425/425
f 477/477 476/476 426/426
f 427/427 477/477 426/426
f 478/478 477/477 427/427
f 428/428 478/478 427/427
f 479/479 478/478 428/428
f 429/429 479/479 428/428
f 480/480 479/479 429/429
f 430/430 480/480 429/429
f 481/481 480/480 430/430
f 431/431 481/481 430/430
f 482/482 481/481 431/431
f 432/432 482/482 431/431
f 483/483 482/482 432/432
f 433/433 483/483 432/432
f 484/484 483/483 433/433
f 434/434 484/484 433/433
f 485/485 484/484 434/434
f 435/435 485/485 434/434
f 486/486 485/485 435/435
f 436/436 486/486 435/435
f 487/487 486/486 436/436
f 437/437 487/487 436/436
f 488/488 487/487 437/437
f 438/438 488/488 437/437
f 489/489 488/488 438/438
f 439/439 489/489 438/438
f 490/490 489/489 439/439
f 440/440 490/490 439/439
f 491/491 490/490 440/440
f 441/441 491/491 440/440
f 492/492 491/491 441/441
f 442/442 492/492 441/441
f 493/493 492/492 442/442
f 443/443 493/493 442/442
f 494/494 493/493 443/443
f 444/444 494/494 443/443
f 495/495 494/494 444/444
f 445/445 495/495 444/444
f 496/496 495/495 445/445
f 446/446 496/496 445/445
f 497/497 496/496 446/446
f 447/447 497/497 446/446
f 498/498 497/497 447/447
f 448/448 498/498 447/447
f 499/499 498/498 448/448
f 449/449 499/499 448/448
f 500/500 499/499 449/449
f 450/450 500/500 449/449
f 502/502 501/501 451/451
f 452/452 502/502 451/451
f 503/503 502/502 452/452
f 453/453 503/503 452/452
f 504/504 503/503 453/453
f 454/454 504/504 453/453
f 505/505 504/504 454/454
f 455/455 505/505 454/454
f 506/506 505/505 455/455
f 456/456 506/506 455/455
f 507/507 506/506 456/456
f 457/457 507/507 456/456
f 508/508 507/507 457/457
f 458/458 508/508 457/457
f 509/509 508/508 458/458
f 459/459 509/509 458/458
f 510/510 509/509 459/459
f 460/460 510/510 459/459
f 511/511 510/510 460/460
f 461/461 511/511 460/460
f 512/512 511/511 461/461
f 462/462 512/512 461/461
f 513/513 512/512 462/462
f 463/463 513/513 462/462
f 514/514 513/513 463/463
f 464/464 514/514 463/463
f 515/515 514/514 464/464
f 465/465 515/515 464/464
f 516/516 515/515 465/465
f 466/466 516/516 465/465
f 517/517 516/516 466/466
f 467/467 517/517 466/466
f 518/518 517/517 467/467
f 468/468 518/518 467/467
f 519/519 518/518 468/468
f 469/469 519/519 468/468
f 520/520 519/519 469/469
f 470/470 520/520 469/469
f 521/521 520/520 470/470
f 471/471 521/521 470/470
f 522/522 521/521 471/471
f 472/472 522/522 471/471
f 523/523 522/522 472/472
f 473/473 523/523 472/472
f 524/524 523/523 473/473
f 474/474 524/524 473/473
f 525/525 524/524 474/474
f 475/475 525/525 474/474
f 526/526 525/525 475/475
f 476/476 526/526 475/475
f 527/527 526/526 476/476
f 477/477 527/527 476/476
f 528/528 527/527 477/477
f 478/478 528/528 477/477
f 529/529 528/528 478/478
f 479/479 529/529 478/478
f 530/530 529/529 479/479
f 480/480 530/530 479/479
f 531/531 530/530 480/480
f 481/481 531/531 480/480
f 532/532 531/531 481/481
f 482/482 532/532 481/481
f 533/533 532/532 482/482
f 483/483 533/533 482/482
f 534/534 533/533 483/483
f 484/484 534/534 483/483
f 535/535 534/534 484/484
f 485/485 535/535 484/484
f 536/536 535/535 485/485
f 486/486 536/536 485/485
f 537/537 536/536 486/486
f 487/487 537/537 486/486
f 538/538 537/537 487/487
f 488/488 538/538 487/487
f 539/539 538/538 488/488
f 489/489 539/539 488/488
f 540/540 539/539 489/489
f 490/490 540/540 489/489
f 541/541 540/540 490/490
f 491/491 541/541 490/490
f 542/542 541/541 491/491
f 492/492 542/542 491/491
f 543/543 542/542 492/492
f 493/493 543/543 492/492
f 544/544 543/543 493/493
f 494/494 544/544 493/493
f 545/545 544/544 494/494
f 495/495 545/545 494/494
f 546/546 545/545 495/495
f 496/496 546/546 495/495
f 547/547 546/546 496/496
f 497/497 547/547 496/496
f 548/548 547/547 497/497
f 498/498 548/548 497/497
f 549/549 548/548 498/498
f 499/499 549/549 498/498
f 550/550 549/549 499/499
f 500/500 550/550 499/499
f 552/552 551/551 501/501
f 502/502 552/552 501/501
f 553/553 552/552 502/502
f 503/503 553/553 502/502
f 554/554 553/553 503/503
f 504/504 554/554 503/503
f 555/555 554/554 504/504
f 505/505 555/555 504/504
f 556/556 555/555 505/505
f 506/506 556/556 505/505
f 557/557 556/556 506/506
f 507/507 557/557 506/506
f 558/558 557/557 507/507
f 508/508 558/558 507/507
f 559/559 558/558 508/508
f 509/509 559/559 508/508
f 560/560 559/559 509/509
f 510/510 560/560 509/509
f 561/561 560/560 510/510
f 511/511 561/561 510/510
f 562/562 561/561 511/511
f 512/512 562/562 511/511
f 563/563 562/562 512/512
f 513/513 563/563 512/512
f 564/564 563/563 513/513
f 514/514 564/564 513/513
f 565/565 564/564 514/514
f 515/515 565/565 514/514
f 566/566 565/565 515/515
f 516/516 566/566 515/515
f 567/567 566/566 516/516
f 517/517 567/567 516/516
f 568/568 567/567 517/517
f 518/518 568/568 517/517
f 569/569 568/568 518/518
f 519/519 569/569 518/518
f 570/570 569/569 519/519
f 520/520 570/570 519/519
f 571/571 570/570 520/520
f 521/521 571/571 520/520
f 572/572 571/571 521/521
f 522/522 572/572 521/521
f 573/573 572/572 522/522
f 523/523 573/573 522/522
f 574/574 573/573 523/523
f 524/524 574/574 523/523
f 575/575 574/574 524/524
f 525/525 575/575 524/524
f 576/576 575/575 525/525
f 526/526 576/576 525/525
f 577/577 576/576 526/526
f 527/527 577/577 526/526
f 578/578 577/577 527/527
f 528/528 578/578 527/527
f 579/579 578/578 528/528
f 529/529 579/579 528/528
f 580/580 579/579 529/529
f 530/530 580/580 529/529
f 581/581 580/580 530/530
f 531/531 581/581 530/530
f 582/582 581/581 531/531
f 532/532 582/582 531/531
f 583/583 582/582 532/532
f 533/533 583/583 532/532
f 584/584 583/583 533/533
f 534/534 584/584 533/533
f 585/585 584/584 534/534
f 535/535 585/585 534/534
f 586/586 585/585 535/535
f 536/536 586/586 535/535
f 587/587 586/586 536/536
f 537/537 587/587 536/536
f 588/588 587/587 537/537
f 538/538 588/588 537/537
f 589/589 588/588 538/538
f 539/539 589/589 538/538
f 590/590 589/589 539/539
f 540/540 590/590 539/539
f 591/591 590/590 540/540
f 541/541 591/591 540/540
f 592/592 591/591 541/541
f 542/542 592/592 541/541
f 593/593 592/592 542/542
f 543/543 593/593 542/542
f 594/594 593/593 543/543
f 544/544 594/594 543/543
f 595/595 594/594 544/544
f 545/545 595/595 544/544
f 596/596 595/595 545/545
f 546/546 596/596 545/545
f 597/597 596/596 546/546
f 547/547 597/597 546/546
f 598/598 597/597 547/547
f 548/548 598/598 547/547
f 599/599 598/598 548/548
f 549/549 599/599 548/548
f 600/600 599/599 549/549
f 550/550 600/600 549/549
f 602/602 601/601 551/551
f 552/552 602/602 551/551
f 603/603 602/602 552/552
f 553/553 603/603 552/552
f 604/604 603/603 553/553
f 554/554 604/604 553/553
f 605/605 604/604 554/554
f 555/555 605/605 554/554
f 606/606 605/605 555/555
f 556/556 606/606 555/555
f 607/607 606/606 556/556
f 557/557 607/607 556/556
f 608/608 607/607 557/557
f 558/558 608/608 557/557
f 609/609 608/608 558/558
f 559/559 609/609 558/558
f 610/610 609/609 559/559
f 560/560 610/610 559/559
f 611/611 610/610 560/560
f 561/561 611/611 560/560
f 612/612 611/611 561/561
f 562/562 612/612 561/561
f 613/613 612/612 562/562
f 563/563 613/613 562/562
f 614/614 613/613 563/563
f 564/564 614/614 563/563
f 615/615 614/614 564/564
f 565/565 615/615 564/564
f 616/616 615/615 565/565
f 566/566 616/616 565/565
f 617/617 616/616 566/566
f 567/567 617/617 566/566
f 618/618 617/617 567/567
f 568/568 618/618 567/567
f 619/619 618/618 568/568
f 569/569 619/619 568/568
f 620/620 619/619 569/569
f 570/570 620/620 569/569
f 621/621 620/620 570/570
f 571/571 621/621 570/570
f 622/622 621/621 571/571
f 572/572 622/622 571/571
f 623/623 622/622 572/572
f 573/573 623/623 572/572
f 624/624 623/623 573/573
f 574/574 624/624 573/573
f 625/625 624/624 574/574
f 575/575 625/625 574/574
f 626/626 625/625 575/575
f 576/576 626/626 575/575
f 627/627 626/626 576/576
f 577/577 627/627 576/576
f 628/628 627/627 577/577
f 578/578 628/628 577/577
f 629/629 628/628 578/578
f 579/579 629/629 578/578
f 630/630 629/629 579/579
f 580/580 630/630 579/579
f 631/631 630/630 580/580
f 581/581 631/631 580/580
f 632/632 631/631 581/581
f 582/582 632/632 581/581
f 633/633 632/632 582/582
f 583/583 633/633 582/582
f 634/634 633/633 583/583
f 584/584 634/634 583/583
f 635/635 634/634 584/584
f 585/585 635/635 584/584
f 636/636 635/635 585/585
f 586/586 636/636 585/585
f 637/637 636/636 586/586
f 587/587 637/637 586/586
f 638/638 637/637 587/587
f 588/588 638/638 587/587
f 639/639 638/638 588/588
f 589/589 639/639 588/588
f 640/640 639/639 589/589
f 590/590 640/640 589/589
f 641/641 640/640 590/590
f 591/591 641/641 590/590
f 642/642 641/641 591/591
f 592/592 642/642 591/591
f 643/643 642/642 592/592
f 593/593 643/643 592/592
f 644/644 643/643 593/593
f 594/594 644/644 593/593
f 645/645 644/644 594/594
f 595/595 645/645 594/594
f 646/646 645/645 595/595
f 596/596 646/646 595/595
f 647/647 646/646 596/596
f 597/597 647/647 596/596
f 648/648 647/647 597/597
f 598/598 648/648 597/597
f 649/649 648/648 598/598
f 599/599 649/649 598/598
f 650/650 649/649 599/599
f 600/600 650/650 599/599
f 652/652 651/651 601/601
f 602/602 652/652 601/601
f 653/653 652/652 602/602
f 603/603 653/653 602/602
f 654/654 653/653 603/603
f 604/604 654/654 603/603
f 655/655 654/654 604/604
f 605/605 655/655 604/604
f 656/656 655/655 605/605
f 606/606 656/656 605/605
f 657/657 656/656 606/606
f 607/607 657/657 606/606
f 658/658 657/657 607/607
f 608/608 658/658 607/607
f 659/659 658/658 608/608
f 609/609 659/659 608/608
f 660/660 659/659 609/609
f 610/610 660/660 609/609
f 661/661 660/660 610/610
f 611/611 661/661 610/610
f 662/662 661/661 611/611
f 612/612 662/662 611/611
f 663/663 662/662 612/612
f 613/613 663/663 612/612
f 664/664 663/663 613/613
f 614/614 664/664 613/613
f 665/665 664/664 614/614
f 615/615 665/665 614/614
f 666/666 665/665 615/615
f 616/616 666/666 615/615
f 667/667 666/666 616/616
f 617/617 667/667 616/616
f 668/668 667/667 617/617
f 618/618 668/668 617/617
f 669/669 668/668 618/618
f 619/619 669/669 618/618
f 670/670 669/669 619/619
f 620/620 670/670 619/619
f 671/671 670/670 620/620
f 621/621 671/671 620/620
f 672/672 671/671 621/621
f 622/622 672/672 621/621
f 673/673 672/672 622/622
f 623/623 673/673 622/622
f 674/674 673/673 623/623
f 624/624 674/674 623/623
f 675/675 674/674 624/624
f 625/625 675/675 624/624
f 676/676 675/675 625/625
f 626/626 676/676 625/625
f 677/677 676/676 626/626
f 627/627 677/677 626/626
f 678/678 677/677 627/627
f 628/628 678/678 627/627
f 679/679 678/678 628/628
f 629/629 679/679 628/628
f 680/680 679/679 629/629
f 630/630 680/680 629/629
f 681/681 680/680 630/630
f 631/631 681/681 630/630
f 682/682 681/681 631/631
f 632/632 682/682 631/631
f 683/683 682/682 632/632
f 633/633 683/683 632/632
f 684/684 683/683 633/633
f 634/634 684/684 633/633
f 685/685 684/684 634/634
f 635/635 685/685 634/634
f 686/686 685/685 635/635
f 636/636 686/686 635/635
f 687/687 686/686 636/636
f 637/637 687/687 636/636
f 688/688 687/687 637/637
f 638/638 688/688 637/637
f 689/689 688/688 638/638
f 639/639 689/689 638/638
f 690/690 689/689 639/639
f 640/640 690/690 639/639
f 691/691 690/690 640/640
f 641/641 691/691 640/640
f 692/692 691/691 641/641
f 642/642 692/692 641/641
f 693/693 692/692 642/642
f 643/643 693/693 642/642
f 694/694 693/693 643/643
f 644/644 694/694 643/643
f 695/695 694/694 644/644
f 645/645 695/695 644/644
f 696/696 695/695 645/645
f 646/646 696/696 645/645
f 697/697 696/696 646/646
f 647/647 697/697 646/646
f 698/698 697/697 647/647
f 648/648 698/698 647/647
f 699/699 698/698 648/648
f 649/649 699/699 648/648
f 700/700 699/699 649/649
f 650/650 700/700 649/649
f 702/702 701/701 651/651
f 652/652 702/702 651/651
f 703/703 702/702 652/652
f 653/653 703/703 652/652
f 704/704 703/703 653/653
f 654/654 704/704 653/653
f 705/705 704/704 654/654
f 655/655 705/705 654/654
f 706/706 705/705 655/655
f 656/656 706/706 655/655
f 707/707 706/706 656/656
f 657/657 707/707 656/656
f 708/708 707/707 657/657
f 658/658 708/708 657/657
f 709/709 708/708 658/658
f 659/659 709/709 658/658
f 710/710 709/709 659/659
f 660/660 710/710 659/659
f 711/711 710/710 660/660
f 661/661 711/711 660/660
f 712/712 711/711 661/661
f 662/662 712/712 661/661
f 713/713 712/712 662/662
f 663/663 713/713 662/662
f 714/714 713/713 663/663
f 664/664 714/714 663/663
f 715/715 714/714 664/664
f 665/665 715/715 664/664
f 716/716 715/715 665/665
f 666/666 716/716 665/665
f 717/717 716/716 666/666
f 667/667 717/717 666/666
f 718/718 717/717 667/667
f 668/668 718/718 667/667
f 719/719 718/718 668/668
f 669/669 719/719 668/668
f 720/720 719/719 669/669
f 670/670 720/720 669/669
f 721/721 720/720 670/670
f 671/671 721/721 670/670
f 722/722 721/721 671/671
f 672/672 722/722 671/671
f 723/723 722/722 672/672
f 673/673 723/723 672/672
f 724/724 723/723 673/673
f 674/674 724/724 673/673
f 725/725 724/724 674/674
f 675/675 725/725 674/674
f 726/726 725/725 675/675
f 676/676 726/726 675/675
f 727/727 726/726 676/676
f 677/677 727/727 676/676
f 728/728 727/727 677/677
f 678/678 728/728 677/677
f 729/729 728/728 678/678
f 679/679 729/729 678/678
f 730/730 729/729 679/679
f 680/680 730/730 679/679
f 731/731 730/730 680/680
f 681/681 731/731 680/680
f 732/732 731/731 681/681
f 682/682 732/732 681/681
f 733/733 732/732 682/682
f 683/683 733/733 682/682
f 734/734 733/733 683/683
f 684/684 734/734 683/683
f 735/735 734/734 684/684
f 685/685 735/735 684/684
f 736/736 735/735 685/685
f 686/686 736/736 685/685
f 737/737 736/736 686/686
f 687/687 737/737 686/686
f 738/738 737/737 687/687
f 688/688 738/738 687/687
f 739/739 738/738 688/688
f 689/689 739/739 688/688
f 740/740 739/739 689/689
f 690/690 740/740 689/689
f 741/741 740/740 690/690
f 691/691 741/741 690/690
f 742/742 741/741 691/691
f 692/692 742/742 691/691
f 743/743 742/742 692/692
f 693/693 743/743 692/692
f 744/744 743/743 693/693
f 694/694 744/744 693/693
f 745/745 744/744 694/694
f 695/695 745/745 694/694
f 746/746 745/745 695/695
f 696/696 746/746 695/695
f 747/747 746/746 696/696
f 697/697 747/747 696/696
f 748/748 747/747 697/697
f 698/698 748/748 697/697
f 749/749 748/748 698/698
f 699/699 749/749 698/698
f 750/750 749/749 699/699
f 700/700 750/750 699/699
f 752/752 751/751 701/701
f 702/702 752/752 701/701
f 753/753 752/752 702/702
f 703/703 753/753 702/702
f 754/754 753/753 703/703
f 704/704 754/754 703/703
f 755/755 754/754 704/704
f 705/705 755/755 704/704
f 756/756 755/755 705/705
f 706/706 756/756 705/705
f 757/757 756/756 706/706
f 707/707 757/757 706/706
f 758/758 757/757 707/707
f 708/708 758/758 707/707
f 759/759 758/758 708/708
f 709/709 759/759 708/708
f 760/760 759/759 709/709
f 710/710 760/760 709/709
f 761/761 760/760 710/710
f 711/711 761/761 710/710
f 762/762 761/761 711/711
f 712/712 762/762 711/711
f 763/763 762/762 712/712
f 713/713 763/763 712/712
f 764/764 763/763 713/713
f 714/714 764/764 713/713
f 765/765 764/764 714/714
f 715/715 765/765 714/714
f 766/766 765/765 715/715
f 716/716 766/766 715/715
f 767/767 766/766 716/716
f 717/717 767/767 716/716
f 768/768 767/767 717/717
f 718/718 768/768 717/717
f 769/769 768/768 718/718
f 719/719 769/769 718/718
f 770/770 769/769 719/719
f 720/720 770/770 719/719
f 771/771 770/770 720/720
f 721/721 771/771 720/720
f 772/772 771/771 721/721
f 722/722 772/772 721/721
f 773/773 772/772 722/722
f 723/723 773/773 722/722
f 774/774 773/773 723/723
f 724/724 774/774 723/723
f 775/775 774/774 724/724
f 725/725 775/775 724/724
f 776/776 775/775 725/725
f 726/726 776/776 725/725
f 777/777 776/776 726/726
f 727/727 777/777 726/726
f 778/778 777/777 727/727
f 728/728 778/778 727/727
f 779/779 778/778 728/728
f 729/729 779/779 728/728
f 780/780 779/779 729/729
f 730/730 780/780 729/729
f 781/781 780/780 730/730
f 731/731 781/781 730/730
f 782/782 781/781 731/731
f 732/732 782/782 731/731
f 783/783 782/782 732/732
f 733/733 783/783 732/732
f 784/784 783/783 733/733
f 734/734 784/784 733/733
f 785/785 784/784 734/734
f 735/735 785/785 734/734
f 786/786 785/785 735/735
f 736/736 786/786 735/735
f 787/787 786/786 736/736
f 737/737 787/787 736/736
f 788/788 787/787 737/737
f 738/738 788/788 737/737
f 789/789 788/788 738/738
f 739/739 789/789 738/738
f 790/790 789/789 739/739
f 740/740 790/790 739/739
f 791/791 790/790 740/740
f 741/741 791/791 740/740
f 792/792 791/791 741/741
f 742/742 792/792 741/741
f 793/793 792/792 742/742
f 743/743 793/793 742/742
f 794/794 793/793 743/743
f 744/744 794/794 743/743
f 795/795 794/794 744/744
f 745/745 795/795 744/744
f 796/796 795/795 745/745
f 746/746 796/796 745/745
f 797/797 796/796 746/746
f 747/747 797/797 746/746
f 798/798 797/797 747/747
f 748/748 798/798 747/747
f 799/799 798/798 748/748
f 749/749 799/799 748/748
f 800/800 799/799 749/749
f 750/750 800/800 749/749
f 802/802 801/801 751/751
f 752/752 802/802 751/751
f 803/803 802/802 752/752
f 753/753 803/803 752/752
f 804/804 803/803 753/753
f 754/754 804/804 753/753
f 805/805 804/804 754/754
f 755/755 805/805 754/754
f 806/806 805/805 755/755
f 756/756 806/806 755/755
f 807/807 806/806 756/756
f 757/757 807/807 756/756
f 808/808 807/807 757/757
f 758/758 808/808 757/757
f 809/809 808/808 758/758
f 759/759 809/809 758/758
f 810/810 809/809 759/759
f 760/760 810/810 759/759
f 811/811 810/810 760/760
f 761/761 811/811 760/760
f 812/812 811/811 761/761
f 762/762 812/812 761/761
f 813/813 812/812 762/762
f 763/763 813/813 762/762
f 814/814 813/813 763/763
f 764/764 814/814 763/763
f 815/815 814/814 764/764
f 765/765 815/815 764/764
f 816/816 815/815 765/765
f 766/766 816/816 765/765
f 817/817 816/816 766/766
f 767/767 817/817 766/766
f 818/818 817/817 767/767
f 768/768 818/818 767/767
f 819/819 818/818 768/768
f 769/769 819/819 768/768
f 820/820 819/819 769/769
f 770/770 820/820 769/769
f 821/821 820/820 770/770
f 771/771 821/821 770/770
f 822/822 821/821 771/771
f 772/772 822/822 771/771
f 823/823 822/822 772/772
f 773/773 823/823 772/772
f 824/824 823/823 773/773
f 774/774 824/824 773/773
f 825/825 824/824 774/774
f 775/775 825/825 774/774
f 826/826 825/825 775/775
f 776/776 826/826 775/775
f 827/827 826/826 776/776
f 777/777 827/827 776/776
f 828/828 827/827 777/777
f 778/778 828/828 777/777
f 829/829 828/828 778/778
f 779/779 829/829 778/778
f 830/830 829/829 779/779
f 780/780 830/830 779/779
f 831/831 830/830 780/780
f 781/781 831/831 780/780
f 832/832 831/831 781/781
f 782/782 832/832 781/781
f 833/833 832/832 782/782
f 783/783 833/833 782/782
f 834/834 833/833 783/783
f 784/784 834/834 783/783
f 835/835 834/834 784/784
f 785/785 835/835 784/784
f 836/836 835/835 785/785
f 786/786 836/836 785/785
f 837/837 836/836 786/786
f 787/787 837/837 786/786
f 838/838 837/837 787/787
f 788/788 838/838 787/787
f 839/839 838/838 788/788
f 789/789 839/839 788/788
f 840/840 839/839 789/789
f 790/790 840/840 789/789
f 841/841 840/840 790/790
f 791/791 841/841 790/790
f 842/842 841/841 791/791
f 792/792 842/842 791/791
f 843/843 842/842 792/792
f 793/793 843/843 792/792
f 844/844 843/843 793/793
f 794/794 844/844 793/793
f 845/845 844/844 794/794
f 795/795 845/845 794/794
f 846/846 845/845 795/795
f 796/796 846/846 795/795
f 847/847 846/846 796/796
f 797/797 847/847 796/796
f 848/848 847/847 797/797
f 798/798 848/848 797/797
f 849/849 848/848 798/798
f 799/799 849/849 798/798
f 850/850 849/849 799/799
f 800/800 850/850 799/799
f 852/852 851/851 801/801
f 802/802 852/852 801/801
f 853/853 852/852 802/802
f 803/803 853/853 802/802
f 854/854 853/853 803/803
f 804/804 854/854 803/803
f 855/855 854/854 804/804
f 805/805 855/855 804/804
f 856/856 855/855 805/805
f 806/806 856/856 805/805
f 857/857 856/856 806/806
f 807/807 857/857 806/806
f 858/858 857/857 807/807
f 808/808 858/858 807/807
f 859/859 858/858 808/808
f 809/809 859/859 808/808
f 860/860 859/859 809/809
f 810/810 860/860 809/809
f 861/861 860/860 810/810
f 811/811 861/861 810/810
f 862/862 861/861 811/811
f 812/812 862/862 811/811
f 863/863 862/862 812/812
f 813/813 863/863 812/812
f 864/864 863/863 813/813
f 814/814 864/864 813/813
f 865/865 864/864 814/814
f 815/815 865/865 814/814
f 866/866 865/865 815/815
f 816/816 866/866 815/815
f 867/867 866/866 816/816
f 817/817 867/867 816/816
f 868/868 867/867 817/817
f 818/818 868/868 817/817
f 869/869 868/868 818/818
f 819/819 869/869 818/818
f 870/870 869/869 819/819
f 820/820 870/870 819/819
f 871/871 870/870 820/820
f 821/821 871/871 820/820
f 872/872 871/871 821/821
f 822/822 872/872 821/821
f 873/873 872/872 822/822
f 823/823 873/873 822/822
f 874/874 873/873 823/823
f 824/824 874/874 823/823
f 875/875 874/874 824/824
f 825/825 875/875 824/824
f 876/876 875/875 825/825
f 826/826 876/876 825/825
f 877/877 876/876 826/826
f 827/827 877/877 826/826
f 878/878 877/877 827/827
f 828/828 878/878 827/827
f 879/879 878/878 828/828
f 829/829 879/879 828/828
f 880/880 879/879 829/829
f 830/830 880/880 829/829
f 881/881 880/880 830/830
f 831/831 881/881 830/830
f 882/882 881/881 831/831
f 832/832 882/882 831/831
f 883/883 882/882 832/832
f 833/833 883/883 832/832
f 884/884 883/883 833/833
f 834/834 884/884 833/833
f 885/885 884/884 834/834
f 835/835 885/885 834/834
f 886/886 885/885 835/835
f 836/836 886/886 835/835
f 887/887 886/886 836/836
f 837/837 887/887 836/836
f 888/888 887/887 837/837
f 838/838 888/888 837/837
f 889/889 888/888 838/838
f 839/839 889/889 838/838
f 890/890 889/889 839/839
f 840/840 890/890 839/839
f 891/891 890/890 840/840
f 841/841 891/891 840/840
f 892/892 891/891 841/841
f 842/842 892/892 841/841
f 893/893 892/892 842/842
f 843/843 893/893 842/842
f 894/894 893/893 843/843
f 844/844 894/894 843/843
f 895/895 894/894 844/844
f 845/845 895/895 844/844
f 896/896 895/895 845/845
f 846/846 896/896 845/845
f 897/897 896/896 846/846
f 847/847 897/897 846/846
f 898/898 897/897 847/847
f 848/848 898/898 847/847
f 899/899 898/898 848/848
f 849/849 899/899 848/848
f 900/900 899/899 849/849
f 850/850 900/900 849/849
f 902/902 901/901 851/851
f 852/852 902/902 851/851
f 903/903 902/902 852/852
f 853/853 903/903 852/852
f 904/904 903/903 853/853
f 854/854 904/904 853/853
f 905/905 904/904 854/854
f 855/855 905/905 854/854
f 906/906 905/905 855/855
f 856/856 906/906 855/855
f 907/907 906/906 856/856
f 857/857 907/907 856/856
f 908/908 907/907 857/857
f 858/858 908/908 857/857
f 909/909 908/908 858/858
f 859/859 909/909 858/858
f 910/910 909/909 859/859
f 860/860 910/910 859/859
f 911/911 910/910 860/860
f 861/861 911/911 860/860
f 912/912 911/911 861/861
f 862/862 912/912 861/861
f 913/913 912/912 862/862
f 863/863 913/913 862/862
f 914/914 913/913 863/863
f 864/864 914/914 863/863
f 915/915 914/914 864/864
f 865/865 915/915 864/864
f 916/916 915/915 865/865
f 866/866 916/916 865/865
f 917/917 916/916 866/866
f 867/867 917/917 866/866
f 918/918 917/917 867/867
f 868/868 918/918 867/867
f 919/919 918/918 868/868
f 869/869 919/919 868/868
f 920/920 919/919 869/869
f 870/870 920/920 869/869
f 921/921 920/920 870/870
f 871/871 921/921 870/870
f 922/922 921/921 871/871
f 872/872 922/922 871/871
f 923/923 922/922 872/872
f 873/873 923/923 872/872
f 924/924 923/923 873/873
f 874/874 924/924 873/873
f 925/925 924/924 874/874
f 875/875 925/925 874/874
f 926/926 925/925 875/875
f 876/876 926/926 875/875
f 927/927 926/926 876/876
f 877/877 927/927 876/876
f 928/928 927/927 877/877
f 878/878 928/928 877/877
f 929/929 928/928 878/878
f 879/879 929/929 878/878
f 930/930 929/929 879/879
f 880/880 930/930 879/879
f 931/931 930/930 880/880
f 881/881 931/931 880/880
f 932/932 931/931 881/881
f 882/882 932/932 881/881
f 933/933 932/932 882/882
f 883/883 933/933 882/882
f 934/934 933/933 883/883
f 884/884 934/934 883/883
f 935/935 934/934 884/884
f 885/885 935/935 884/884
f 936/936 935/935 885/885
f 886/886 936/936 885/885
f 937/937 936/936 886/886
f 887/887 937/937 886/886
f 938/938 937/937 887/887
f 888/888 938/938 887/887
f 939/939 938/938 888/888
f 889/889 939/939 888/888
f 940/940 939/939 889/889
f 890/890 940/940 889/889
f 941/941 940/940 890/890
f 891/891 941/941 890/890
f 942/942 941/941 891/891
f 892/892 942/942 891/891
f 943/943 942/942 892/892
f 893/893 943/943 892/892
f 944/944 943/943 893/893
f 894/894 944/944 893/893
f 945/945 944/944 894/894
f 895/895 945/945 894/894
f 946/946 945/945 895/895
f 896/896 946/946 895/895
f 947/947 946/946 896/896
f 897/897 947/947 896/896
f 948/948 947/947 897/897
f 898/898 948/948 897/897
f 949/949 948/948 898/898
f 899/899 949/949 898/898
f 950/950 949/949 899/899
f 900/900 950/950 899/899
f 952/952 951/951 901/901
f 902/902 952/952 901/901
f 953/953 952/952 902/902
f 903/903 953/953 902/902
f 954/954 953/953 903/903
f 904/904 954/954 903/903
f 955/955 954/954 904/904
f 905/905 955/955 904/904
f 956/956 955/955 905/905
f 906/906 956/956 905/905
f 957/957 956/956 906/906
f 907/907 957/957 906/906
f 958/958 957/957 907/907
f 908/908 958/958 907/907
f 959/959 958/958 908/908
f 909/909 959/959 908/908
f 960/960 959/959 909/909
f 910/910 960/960 909/909
f 961/961 960/960 910/910
f 911/911 961/961 910/910
f 962/962 961/961 911/911
f 912/912 962/962 911/911
f 963/963 962/962 912/912
f 913/913 963/963 912/912
f 964/964 963/963 913/913
f 914/914 964/964 913/913
f 965/965 964/964 914/914
f 915/915 965/965 914/914
f 966/966 965/965 915/915
f 916/916 966/966 915/915
f 967/967 966/966 916/916
f 917/917 967/967 916/916
f 968/968 967/967 917/917
f 918/918 968/968 917/917
f 969/969 968/968 918/918
f 919/919 969/969 918/918
f 970/970 969/969 919/919
f 920/920 970/970 919/919
f 971/971 970/970 920/920
f 921/921 971/971 920/920
f 972/972 971/971 921/921
f 922/922 972/972 921/921
f 973/973 972/972 922/922
f 923/923 973/973 922/922
f 974/974 973/973 923/923
f 924/924 974/974 923/923
f 975/975 974/974 924/924
f 925/925 975/975 924/924
f 976/976 975/975 925/925
f 926/926 976/976 925/925
f 977/977 976/976 926/926
f 927/927 977/977 926/926
f 978/978 977/977 927/927
f 928/928 978/978 927/927
f 979/979 978/978 928/928
f 929/929 979/979 928/928
f 980/980 979/979 929/929
f 930/930 980/980 929/929
f 981/981 980/980 930/930
f 931/931 981/981 930/930
f 982/982 981/981 931/931
f 932/932 982/982 931/931
f 983/983 982/982 932/932
f 933/933 983/983 932/932
f 984/984 983/983 933/933
f 934/934 984/984 933/933
f 985/985 984/984 934/934
f 935/935 985/985 934/934
f 986/986 985/985 935/935
f 936/936 986/986 935/935
f 987/987 986/986 936/936
f 937/937 987/987 936/936
f 988/988 987/987 937/937
f 938/938 988/988 937/937
f 989/989 988/988 938/938
f 939/939 989/989 938/938
f 990/990 989/989 939/939
f 940/940 990/990 939/939
f 991/991 990/990 940/940
f 941/941 991/991 940/940
f 992/992 991/991 941/941
f 942/942 992/992 941/941
f 993/993 992/992 942/942
f 943/943 993/993 942/942
f 994/994 993/993 943/943
f 944/944 994/994 943/943
f 995/995 994/994 944/944
f 945/945 995/995 944/944
f 996/996 995/995 945/945
f 946/946 996/996 945/945
f 997/997 996/996 946/946
f 947/947 997/997 946/946
f 998/998 997/997 947/947
f 948/948 998/998 947/947
f 999/999 998/998 948/948
f 949/949 999/999 948/948
f 1000/1000 999/999 949/949
f 950/950 1000/1000 949/949
f 1002/1002 1001/1001 951/951
f 952/952 1002/1002 951/951
f 1003/1003 1002/1002 952/952
f 953/953 1003/1003 952/952
f 1004/1004 1003/1003 953/953
f 954/954 1004/1004 953/953
f 1005/1005 1004/1004 954/954
f 955/955 1005/1005 954/954
f 1006/1006 1005/1005 955/955
f 956/956 1006/1006 955/955
f 1007/1007 1006/1006 956/956
f 957/957 1007/1007 956/956
f 1008/1008 1007/1007 957/957
f 958/958 1008/1008 957/957
f 1009/1009 1008/1008 958/958
f 959/959 1009/1009 958/958
f 1010/1010 1009/1009 959/959
f 960/960 1010/1010 959/959
f 1011/1011 1010/1010 960/960
f 961/961 1011/1011 960/960
f 1012/1012 1011/1011 961/961
f 962/962 1012/1012 961/961
f 1013/1013 1012/1012 962/962
f 963/963 1013/1013 962/962
f 1014/1014 1013/1013 963/963
f 964/964 1014/1014 963/963
f 1015/1015 1014/1014 964/964
f 965/965 1015/1015 964/964
f 1016/1016 1015/1015 965/965
f 966/966 1016/1016 965/965
f 1017/1017 1016/1016 966/966
f 967/967 1017/1017 966/966
f 1018/1018 1017/1017 967/967
f 968/968 1018/1018 967/967
f 1019/1019 1018/1018 968/968
f 969/969 1019/1019 968/968
f 1020/1020 1019/1019 969/969
f 970/970 1020/1020 969/969
f 1021/1021 1020/1020 970/970
f 971/971 1021/1021 970/970
f 1022/1022 1021/1021 971/971
f 972/972 1022/1022 971/971
f 1023/1023 1022/1022 972/972
f 973/973 1023/1023 972/972
f 1024/1024 1023/1023 973/973
f 974/974 1024/1024 973/973
f 1025/1025 1024/1024 974/974
f 975/975 1025/1025 974/974
f 1026/1026 1025/1025 975/975
f 976/976 1026/1026 975/975
f 1027/1027 1026/1026 976/976
f 977/977 1027/1027 976/976
f 1028/1028 1027/1027 977/977
f 978/978 1028/1028 977/977
f 1029/1029 1028/1028 978/978
f 979/979 1029/1029 978/978
f 1030/1030 1029/1029 979/979
f 980/980 1030/1030 979/979
f 1031/1031 1030/1030 980/980
f 981/981 1031/1031 980/980
f 1032/1032 1031/1031 981/981
f 982/982 1032/1032 981/981
f 1033/1033 1032/1032 982/982
f 983/983 1033/1033 982/982
f 1034/1034 1033/1033 983/983
f 984/984 1034/1034 983/983
f 1035/1035 1034/1034 984/984
f 985/985 1035/1035 984/984
f 1036/1036 1035/1035 985/985
f 986/986 1036/1036 985/985
f 1037/1037 1036/1036 986/986
f 987/987 1037/1037 986/986
f 1038/1038 1037/1037 987/987
f 988/988 1038/1038 987/987
f 1039/1039 1038/1038 988/988
f 989/989 1039/1039 988/988
f 1040/1040 1039/1039 989/989
f 990/990 1040/1040 989/989
f 1041/1041 1040/1040 990/990
f 991/991 1041/1041 990/990
f 1042/1042 1041/1041 991/991
f 992/992 1042/1042 991/991
f 1043/1043 1042/1042 992/992
f 993/993 1043/1043 992/992
f 1044/1044 1043/1043 993/993
f 994/994 1044/1044 993/993
f 1045/1045 1044/1044 994/994
f 995/995 1045/1045 994/994
f 1046/1046 1045/1045 995/995
f 996/996 1046/1046 995/995
f 1047/1047 1046/1046 996/996
f 997/997 1047/1047 996/996
f 1048/1048 1047/1047 997/997
f 998/998 1048/1048 997/997
f 1049/1049 1048/1048 998/998
f 999/999 1049/1049 998/998
f 1050/1050 1049/1049 999/999
f 1000/1000 1050/1050 999/999
f 1052/1052 1051/1051 1001/1001
f 1002/1002 1052/1052 1001/1001
f 1053/1053 1052/1052 1002/1002
f 1003/1003 1053/1053 1002/1002
f 1054/1054 1053/1053 1003/1003
f 1004/1004 1054/1054 1003/1003
f 1055/1055 1054/1054 1004/1004
f 1005/1005 1055/1055 1004/1004
f 1056/1056 1055/1055 1005/1005
f 1006/1006 1056/1056 1005/1005
f 1057/1057 1056/1056 1006/1006
f 1007/1007 1057/1057 1006/1006
f 1058/1058 1057/1057 1007/1007
f 1008/1008 1058/1058 1007/1007
f 1059/1059 1058/1058 1008/1008
f 1009/1009 1059/1059 1008/1008
f 1060/1060 1059/1059 1009/1009
f 1010/1010 1060/1060 1009/1009
f 1061/1061 1060/1060 1010/1010
f 1011/1011 1061/1061 1010/1010
f 1062/1062 1061/1061 1011/1011
f 1012/1012 1062/1062 1011/1011
f 1063/1063 1062/1062 1012/1012
f 1013/1013 1063/1063 1012/1012
f 1064/1064 1063/1063 1013/1013
f 1014/1014 1064/1064 1013/1013
f 1065/1065 1064/1064 1014/1014
f 1015/1015 1065/1065 1014/1014
f 1066/1066 1065/1065 1015/1015
f 1016/1016 1066/1066 1015/1015
f 1067/1067 1066/1066 1016/1016
f 1017/1017 1067/1067 1016/1016
f 1068/1068 1067/1067 1017/1017
f 1018/1018 1068/1068 1017/1017
f 1069/1069 1068/1068 1018/1018
f 1019/1019 1069/1069 1018/1018
f 1070/1070 1069/1069 1019/1019
f 1020/1020 1070/1070 1019/1019
f 1071/1071 1070/1070 1020/1020
f 1021/1021 1071/1071 1020/1020
f 1072/1072 1071/1071 1021/1021
f 1022/1022 1072/1072 1021/1021
f 1073/1073 1072/1072 1022/1022
f 1023/1023 1073/1073 1022/1022
f 1074/1074 1073/1073 1023/1023
f 1024/1024 1074/1074 1023/1023
f 1075/1075 1074/1074 1024/1024
f 1025/1025 1075/1075 1024/1024
f 1076/1076 1075/1075 1025/1025
f 1026/1026 1076/1076 1025/1025
f 1077/1077 1076/1076 1026/1026
f 1027/1027 1077/1077 1026/1026
f 1078/1078 1077/1077 1027/1027
f 1028/1028 1078/1078 1027/1027
f 1079/1079 1078/1078 1028/1028
f 1029/1029 1079/1079 1028/1028
f 1080/1080 1079/1079 1029/1029
f 1030/1030 1080/1080 1029/1029
f 1081/1081 1080/1080 1030/1030
f 1031/1031 1081/1081 1030/1030
f 1082/1082 1081/1081 1031/1031
f 1032/1032 1082/1082 1031/1031
f 1083/1083 1082/1082 1032/1032
f 1033/1033 1083/1083 1032/1032
f 1084/1084 1083/1083 1033/1033
f 1034/1034 1084/1084 1033/1033
f 1085/1085 1084/1084 1034/1034
f 1035/1035 1085/1085 1034/1034
f 1086/1086 1085/1085 1035/1035
f 1036/1036 1086/1086 1035/1035
f 1087/1087 1086/1086 1036/1036
f 1037/1037 1087/1087 1036/1036
f 1088/1088 1087/1087 1037/1037
f 1038/1038 1088/1088 1037/1037
f 1089/1089 1088/1088 1038/1038
f 1039/1039 1089/1089 1038/1038
f 1090/1090 1089/1089 1039/1039
f 1040/1040 1090/1090 1039/1039
f 1091/1091 1090/1090 1040/1040
f 1041/1041 1091/1091 1040/1040
f 1092/1092 1091/1091 1041/1041
f 1042/1042 1092/1092 1041/1041
f 1093/1093 1092/1092 1042/1042
f 1043/1043 1093/1093 1042/1042
f 1094/1094 1093/1093 1043/1043
f 1044/1044 1094/1094 1043/1043
f 1095/1095 1094/1094 1044/1044
f 1045/1045 1095/1095 1044/1044
f 1096/1096 1095/1095 1045/1045
f 1046/1046 1096/1096 1045/1045
f 1097/1097 1096/1096 1046/1046
f 1047/1047 1097/1097 1046/1046
f 1098/1098 1097/1097 1047/1047
f 1048/1048 1098/1098 1047/1047
f 1099/1099 1098/1098 1048/1048
f 1049/1049 1099/1099 1048/1048
f 1100/1100 1099/1099 1049/1049
f 1050/1050 1100/1100 1049/1049
f 1102/1102 1101/1101 1051/1051
f 1052/1052 1102/1102 1051/1051
f 1103/1103 1102/1102 1052/1052
f 1053/1053 1103/1103 1052/1052
f 1104/1104 1103/1103 1053/1053
f 1054/1054 1104/1104 1053/1053
f 1105/1105 1104/1104 1054/1054
f 1055/1055 1105/1105 1054/1054
f 1106/1106 1105/1105 1055/1055
f 1056/1056 1106/1106 1055/1055
f 1107/1107 1106/1106 1056/1056
f 1057/1057 1107/1107 1056/1056
f 1108/1108 1107/1107 1057/1057
f 1058/1058 1108/1108 1057/1057
f 1109/1109 1108/1108 1058/1058
f 1059/1059 1109/1109 1058/1058
f 1110/1110 1109/1109 1059/1059
f 1060/1060 1110/1110 1059/1059
f 1111/1111 1110/1110 1060/1060
f 1061/1061 1111/1111 1060/1060
f 1112/1112 1111/1111 1061/1061
f 1062/1062 1112/1112 1061/1061
f 1113/1113 1112/1112 1062/1062
f 1063/1063 1113/1113 1062/1062
f 1114/1114 1113/1113 1063/1063
f 1064/1064 1114/1114 1063/1063
f 1115/1115 1114/1114 1064/1064
f 1065/1065 1115/1115 1064/1064
f 1116/1116 1115/1115 1065/1065
f 1066/1066 1116/1116 1065/1065
f 1117/1117 1116/1116 1066/1066
f 1067/1067 1117/1117 1066/1066
f 1118/1118 1117/1117 1067/1067
f 1068/1068 1118/1118 1067/1067
f 1119/1119 1118/1118 1068/1068
f 1069/1069 1119/1119 1068/1068
f 1120/1120 1119/1119 1069/1069
f 1070/1070 1120/1120 1069/1069
f 1121/1121 1120/1120 1070/1070
f 1071/1071 1121/1121 1070/1070
f 1122/1122 1121/1121 1071/1071
f 1072/1072 1122/1122 1071/1071
f 1123/1123 1122/1122 1072/1072
f 1073/1073 1123/1123 1072/1072
f 1124/1124 1123/1123 1073/1073
f 1074/1074 1124/1124 1073/1073
f 1125/1125 1124/1124 1074/1074
f 1075/1075 1125/1125 1074/1074
f 1126/1126 1125/1125 1075/1075
f 1076/1076 1126/1126 1075/1075
f 1127/1127 1126/1126 1076/1076
f 1077/1077 1127/1127 1076/1076
f 1128/1128 1127/1127 1077/1077
f 1078/1078 1128/1128 1077/1077
f 1129/1129 1128/1128 1078/1078
f 1079/1079 1129/1129 1078/1078
f 1130/1130 1129/1129 1079/1079
f 1080/1080 1130/1130 1079/1079
f 1131/1131 1130/1130 1080/1080
f 1081/1081 1131/1131 1080/1080
f 1132/1132 1131/1131 1081/1081
f 1082/1082 1132/1132 1081/1081
f 1133/1133 1132/1132 1082/1082
f 1083/1083 1133/1133 1082/1082
f 1134/1134 1133/1133 1083/1083
f 1084/1084 1134/1134 1083/1083
f 1135/1135 1134/1134 1084/1084
f 1085/1085 1135/1135 1084/1084
f 1136/1136 1135/1135 1085/1085
f 1086/1086 1136/1136 1085/1085
f 1137/1137 1136/1136 1086/1086
f 1087/1087 1137/1137 1086/1086
f 1138/1138 1137/1137 1087/1087
f 1088/1088 1138/1138 1087/1087
f 1139/1139 1138/1138 1088/1088
f 1089/1089 1139/1139 1088/1088
f 1140/1140 1139/1139 1089/1089
f 1090/1090 1140/1140 1089/1089
f 1141/1141 1140/1140 1090/1090
f 1091/1091 1141/1141 1090/1090
f 1142/1142 1141/1141 1091/1091
f 1092/1092 1142/1142 1091/1091
f 1143/1143 1142/1142 1092/1092
f 1093/1093 1143/1143 1092/1092
f 1144/1144 1143/1143 1093/1093
f 1094/1094 1144/1144 1093/1093
f 1145/1145 1144/1144 1094/1094
f 1095/1095 1145/1145 1094/1094
f 1146/1146 1145/1145 1095/1095
f 1096/1096 1146/1146 1095/1095
f 1147/1147 1146/1146 1096/1096
f 1097/1097 1147/1147 1096/1096
f 1148/1148 1147/1147 1097/1097
f 1098/1098 1148/1148 1097/1097
f 1149/1149 1148/1148 1098/1098
f 1099/1099 1149/1149 1098/1098
f 1150/1150 1149/1149 1099/1099
f 1100/1100 1150/1150 1099/1099
f 1152/1152 1151/1151 1101/1101
f 1102/1102 1152/1152 1101/1101
f 1153/1153 1152/1152 1102/1102
f 1103/1103 1153/1153 1102/1102
f 1154/1154 1153/1153 1103/1103
f 1104/1104 1154/1154 1103/1103
f 1155/1155 1154/1154 1104/1104
f 1105/1105 1155/1155 1104/1104
f 1156/1156 1155/1155 1105/1105
f 1106/1106 1156/1156 1105/1105
f 1157/1157 1156/1156 1106/1106
f 1107/1107 1157/1157 1106/1106
f 1158/1158 1157/1157 1107/1107
f 1108/1108 1158/1158 1107/1107
f 1159/1159 1158/1158 1108/1108
f 1109/1109 1159/1159 1108/1108
f 1160/1160 1159/1159 1109/1109
f 1110/1110 1160/1160 1109/1109
f 1161/1161 1160/1160 1110/1110
f 1111/1111 1161/1161 1110/1110
f 1162/1162 1161/1161 1111/1111
f 1112/1112 1162/1162 1111/1111
f 1163/1163 1162/1162 1112/1112
f 1113/1113 1163/1163 1112/1112
f 1164/1164 1163/1163 1113/1113
f 1114/1114 1164/1164 1113/1113
f 1165/1165 1164/1164 1114/1114
f 1115/1115 1165/1165 1114/1114
f 1166/1166 1165/1165 1115/1115
f 1116/1116 1166/1166 1115/1115
f 1167/1167 1166/1166 1116/1116
f 1117/1117 1167/1167 1116/1116
f 1168/1168 1167/1167 1117/1117
f 1118/1118 1168/1168 1117/1117
f 1169/1169 1168/1168 1118/1118
f 1119/1119 1169/1169 1118/1118
f 1170/1170 1169/1169 1119/1119
f 1120/1120 1170/1170 1119/1119
f 1171/1171 1170/1170 1120/1120
f 1121/1121 1171/1171 1120/1120
f 1172/1172 1171/1171 1121/1121
f 1122/1122 1172/1172 1121/1121
f 1173/1173 1172/1172 1122/1122
f 1123/1123 1173/1173 1122/1122
f 1174/1174 1173/1173 1123/1123
f 1124/1124 1174/1174 1123/1123
f 1175/1175 1174/1174 1124/1124
f 1125/1125 1175/1175 1124/1124
f 1176/1176 1175/1175 1125/1125
f 1126/1126 1176/1176 1125/1125
f 1177/1177 1176/1176 1126/1126
f 1127/1127 1177/1177 1126/1126
f 1178/1178 1177/1177 1127/1127
f 1128/1128 1178/1178 1127/1127
f 1179/1179 1178/1178 1128/1128
f 1129/1129 1179/1179 1128/1128
f 1180/1180 1179/1179 1129/1129
f 1130/1130 1180/1180 1129/1129
f 1181/1181 1180/1180 1130/1130
f 1131/1131 1181/1181 1130/1130
f 1182/1182 1181/1181 1131/1131
f 1132/1132 1182/1182 1131/1131
f 1183/1183 1182/1182 1132/1132
f 1133/1133 1183/1183 1132/1132
f 1184/1184 1183/1183 1133/1133
f 1134/1134 1184/1184 1133/1133
f 1185/1185 1184/1184 1134/1134
f 1135/1135 1185/1185 1134/1134
f 1186/1186 1185/1185 1135/1135
f 1136/1136 1186/1186 1135/1135
f 1187/1187 1186/1186 1136/1136
f 1137/1137 1187/1187 1136/1136
f 1188/1188 1187/1187 1137/1137
f 1138/1138 1188/1188 1137/1137
f 1189/1189 1188/1188 1138/1138
f 1139/1139 1189/1189 1138/1138
f 1190/1190 1189/1189 1139/1139
f 1140/1140 1190/1190 1139/1139
f 1191/1191 1190/1190 1140/1140
f 1141/1141 1191/1191 1140/1140
f 1192/1192 1191/1191 1141/1141
f 1142/1142 1192/1192 1141/1141
f 1193/1193 1192/1192 1142/1142
f 1143/1143 1193/1193 1142/1142
f 1194/1194 1193/1193 1143/1143
f 1144/1144 1194/1194 1143/1143
f 1195/1195 1194/1194 1144/1144
f 1145/1145 1195/1195 1144/1144
f 1196/1196 1195/1195 1145/1145
f 1146/1146 1196/1196 1145/1145
f 1197/1197 1196/1196 1146/1146
f 1147/1147 1197/1197 1146/1146
f 1198/1198 1197/1197 1147/1147
f 1148/1148 1198/1198 1147/1147
f 1199/1199 1198/1198 1148/1148
f 1149/1149 1199/1199 1148/1148
f 1200/1200 1199/1199 1149/1149
f 1150/1150 1200/1200 1149/1149
f 1202/1202 1201/1201 1151/1151
f 1152/1152 1202/1202 1151/1151
f 1203/1203 1202/1202 1152/1152
f 1153/1153 1203/1203 1152/1152
f 1204/1204 1203/1203 1153/1153
f 1154/1154 1204/1204 1153/1153
f 1205/1205 1204/1204 1154/1154
f 1155/1155 1205/1205 1154/1154
f 1206/1206 1205/1205 1155/1155
f 1156/1156 1206/1206 1155/1155
f 1207/1207 1206/1206 1156/1156
f 1157/1157 1207/1207 1156/1156
f 1208/1208 1207/1207 1157/1157
f 1158/1158 1208/1208 1157/1157
f 1209/1209 1208/1208 1158/1158
f 1159/1159 1209/1209 1158/1158
f 1210/1210 1209/1209 1159/1159
f 1160/1160 1210/1210 1159/1159
f 1211/1211 1210/1210 1160/1160
f 1161/1161 1211/1211 1160/1160
f 1212/1212 1211/1211 1161/1161
f 1162/1162 1212/1212 1161/1161
f 1213/1213 1212/1212 1162/1162
f 1163/1163 1213/1213 1162/1162
f 1214/1214 1213/1213 1163/1163
f 1164/1164 1214/1214 1163/1163
f 1215/1215 1214/1214 1164/1164
f 1165/1165 1215/1215 1164/1164
f 1216/1216 1215/1215 1165/1165
f 1166/1166 1216/1216 1165/1165
f 1217/1217 1216/1216 1166/1166
f 1167/1167 1217/1217 1166/1166
f 1218/1218 1217/1217 1167/1167
f 1168/1168 1218/1218 1167/1167
f 1219/1219 1218/1218 1168/1168
f 1169/1169 1219/1219 1168/1168
f 1220/1220 1219/1219 1169/1169
f 1170/1170 1220/1220 1169/1169
f 1221/1221 1220/1220 1170/1170
f 1171/1171 1221/1221 1170/1170
f 1222/1222 1221/1221 1171/1171
f 1172/1172 1222/1222 1171/1171
f 1223/1223 1222/1222 1172/1172
f 1173/1173 1223/1223 1172/1172
f 1224/1224 1223/1223 1173/1173
f 1174/1174 1224/1224 1173/1173
f 1225/1225 1224/1224 1174/1174
f 1175/1175 1225/1225 1174/1174
f 1226/1226 1225/1225 1175/1175
f 1176/1176 1226/1226 1175/1175
f 1227/1227 1226/1226 1176/1176
f 1177/1177 1227/1227 1176/1176
f 1228/1228 1227/1227 1177/1177
f 1178/1178 1228/1228 1177/1177
f 1229/1229 1228/1228 1178/1178
f 1179/1179 1229/1229 1178/1178
f 1230/1230 1229/1229 1179/1179
f 1180/1180 1230/1230 1179/1179
f 1231/1231 1230/1230 1180/1180
f 1181/1181 1231/1231 1180/1180
f 1232/1232 1231/1231 1181/1181
f 1182/1182 1232/1232 1181/1181
f 1233/1233 1232/1232 1182/1182
f 1183/1183 1233/1233 1182/1182
f 1234/1234 1233/1233 1183/1183
f 1184/1184 1234/1234 1183/1183
f 1235/1235 1234/1234 1184/1184
f 1185/1185 1235/1235 1184/1184
f 1236/1236 1235/1235 1185/1185
f 1186/1186 1236/1236 1185/1185
f 1237/1237 1236/1236 1186/1186
f 1187/1187 1237/1237 1186/1186
f 1238/1238 1237/1237 1187/1187
f 1188/1188 1238/1238 1187/1187
f 1239/1239 1238/1238 1188/1188
f 1189/1189 1239/1239 1188/1188
f 1240/1240 1239/1239 1189/1189
f 1190/1190 1240/1240 1189/1189
f 1241/1241 1240/1240 1190/1190
f 1191/1191 1241/1241 1190/1190
f 1242/1242 1241/1241 1191/1191
f 1192/1192 1242/1242 1191/1191
f 1243/1243 1242/1242 1192/1192
f 1193/1193 1243/1243 1192/1192
f 1244/1244 1243/1243 1193/1193
f 1194/1194 1244/1244 1193/1193
f 1245/1245 1244/1244 1194/1194
f 1195/1195 1245/1245 1194/1194
f 1246/1246 1245/1245 1195/1195
f 1196/1196 1246/1246 1195/1195
f 1247/1247 1246/1246 1196/1196
f 1197/1197 1247/1247 1196/1196
f 1248/1248 1247/1247 1197/1197
f 1198/1198 1248/1248 1197/1197
f 1249/1249 1248/1248 1198/1198
f 1199/1199 1249/1249 1198/1198
f 1250/1250 1249/1249 1199/1199
f 1200/1200 1250/1250 1199/1199
f 1252/1252 1251/1251 1201/1201
f 1202/1202 1252/1252 1201/1201
f 1253/1253 1252/1252 1202/1202
f 1203/1203 1253/1253 1202/1202
f 1254/1254 1253/1253 1203/1203
f 1204/1204 1254/1254 1203/1203
f 1255/1255 1254/1254 1204/1204
f 1205/1205 1255/1255 1204/1204
f 1256/1256 1255/1255 1205/1205
f 1206/1206 1256/1256 1205/1205
f 1257/1257 1256/1256 1206/1206
f 1207/1207 1257/1257 1206/1206
f 1258/1258 1257/1257 1207/1207
f 1208/1208 1258/1258 1207/1207
f 1259/1259 1258/1258 1208/1208
f 1209/1209 1259/1259 1208/1208
f 1260/1260 1259/1259 1209/1209
f 1210/1210 1260/1260 1209/1209
f 1261/1261 1260/1260 1210/1210
f 1211/1211 1261/1261 1210/1210
f 1262/1262 1261/1261 1211/1211
f 1212/1212 1262/1262 1211/1211
f 1263/1263 1262/1262 1212/1212
f 1213/1213 1263/1263 1212/1212
f 1264/1264 1263/1263 1213/1213
f 1214/1214 1264/1264 1213/1213
f 1265/1265 1264/1264 1214/1214
f 1215/1215 1265/1265 1214/1214
f 1266/1266 1265/1265 1215/1215
f 1216/1216 1266/1266 1215/1215
f 1267/1267 1266/1266 1216/1216
f 1217/1217 1267/1267 1216/1216
f 1268/1268 1267/1267 1217/1217
f 1218/1218 1268/1268 1217/1217
f 1269/1269 1268/1268 1218/1218
f 1219/1219 1269/1269 1218/1218
f 1270/1270 1269/1269 1219/1219
f 1220/1220 1270/1270 1219/1219
f 1271/1271 1270/1270 1220/1220
f 1221/1221 1271/1271 1220/1220
f 1272/1272 1271/1271 1221/1221
f 1222/1222 1272/1272 1221/1221
f 1273/1273 1272/1272 1222/1222
f 1223/1223 1273/1273 1222/1222
f 1274/1274 1273/1273 1223/1223
f 1224/1224 1274/1274 1223/1223
f 1275/1275 1274/1274 1224/1224
f 1225/1225 1275/1275 1224/1224
f 1276/1276 1275/1275 1225/1225
f 1226/1226 1276/1276 1225/1225
f 1277/1277 1276/1276 1226/1226
f 1227/1227 1277/1277 1226/1226
f 1278/1278 1277/1277 1227/1227
f 1228/1228 1278/1278 1227/1227
f 1279/1279 1278/1278 1228/1228
f 1229/1229 1279/1279 1228/1228
f 1280/1280 1279/1279 1229/1229
f 1230/1230 1280/1280 1229/1229
f 1281/1281 1280/1280 1230/1230
f 1231/1231 1281/1281 1230/1230
f 1282/1282 1281/1281 1231/1231
f 1232/1232 1282/1282 1231/1231
f 1283/1283 1282/1282 1232/1232
f 1233/1233 1283/1283 1232/1232
f 1284/1284 1283/1283 1233/1233
f 1234/1234 1284/1284 1233/1233
f 1285/1285 1284/1284 1234/1234
f 1235/1235 1285/1285 1234/1234
f 1286/1286 1285/1285 1235/1235
f 1236/1236 1286/1286 1235/1235
f 1287/1287 1286/1286 1236/1236
f 1237/1237 1287/1287 1236/1236
f 1288/1288 1287/1287 1237/1237
f 1238/1238 1288/1288 1237/1237
f 1289/1289 1288/1288 1238/1238
f 1239/1239 1289/1289 1238/1238
f 1290/1290 1289/1289 1239/1239
f 1240/1240 1290/1290 1239/1239
f 1291/1291 1290/1290 1240/1240
f 1241/1241 1291/1291 1240/1240
f 1292/1292 1291/1291 1241/1241
f 1242/1242 1292/1292 1241/1241
f 1293/1293 1292/1292 1242/1242
f 1243/1243 1293/1293 1242/1242
f 1294/1294 1293/1293 1243/1243
f 1244/1244 1294/1294 1243/1243
f 1295/1295 1294/1294 1244/1244
f 1245/1245 1295/1295 1244/1244
f 1296/1296 1295/1295 1245/1245
f 1246/1246 1296/1296 1245/1245
f 1297/1297 1296/1296 1246/1246
f 1247/1247 1297/1297 1246/1246
f 1298/1298 1297/1297 1247/1247
f 1248/1248 1298/1298 1247/1247
f 1299/1299 1298/1298 1248/1248
f 1249/1249 1299/1299 1248/1248
f 1300/1300 1299/1299 1249/1249
f 1250/1250 1300/1300 1249/1249
f 1302/1302 1301/1301 1251/1251
f 1252/1252 1302/1302 1251/1251
f 1303/1303 1302/1302 1252/1252
f 1253/1253 1303/1303 1252/1252
f 1304/1304 1303/1303 1253/1253
f 1254/1254 1304/1304 1253/1253
f 1305/1305 1304/1304 1254/1254
f 1255/1255 1305/1305 1254/1254
f 1306/1306 1305/1305 1255/1255
f 1256/1256 1306/1306 1255/1255
f 1307/1307 1306/1306 1256/1256
f 1257/1257 1307/1307 1256/1256
f 1308/1308 1307/1307 1257/1257
f 1258/1258 1308/1308 1257/1257
f 1309/1309 1308/1308 1258/1258
f 1259/1259 1309/1309 1258/1258
f 1310/1310 1309/1309 1259/1259
f 1260/1260 1310/1310 1259/1259
f 1311/1311 1310/1310 1260/1260
f 1261/1261 1311/1311 1260/1260
f 1312/1312 1311/1311 1261/1261
f 1262/1262 1312/1312 1261/1261
f 1313/1313 1312/1312 1262/1262
f 1263/1263 1313/1313 1262/1262
f 1314/1314 1313/1313 1263/1263
f 1264/1264 1314/1314 1263/1263
f 1315/1315 1314/1314 1264/1264
f 1265/1265 1315/1315 1264/1264
f 1316/1316 1315/1315 1265/1265
f 1266/1266 1316/1316 1265/1265
f 1317/1317 1316/1316 1266/1266
f 1267/1267 1317/1317 1266/1266
f 1318/1318 1317/1317 1267/1267
f 1268/1268 1318/1318 1267/1267
f 1319/1319 1318/1318 1268/1268
f 1269/1269 1319/1319 1268/1268
f 1320/1320 1319/1319 1269/1269
f 1270/1270 1320/1320 1269/1269
f 1321/1321 1320/1320 1270/1270
f 1271/1271 1321/1321 1270/1270
f 1322/1322 1321/1321 1271/1271
f 1272/1272 1322/1322 1271/1271
f 1323/1323 1322/1322 1272/1272
f 1273/1273 1323/1323 1272/1272
f 1324/1324 1323/1323 1273/1273
f 1274/1274 1324/1324 1273/1273
f 1325/1325 1324/1324 1274/1274
f 1275/1275 1325/1325 1274/1274
f 1326/1326 1325/1325 1275/1275
f 1276/1276 1326/1326 1275/1275
f 1327/1327 1326/1326 1276/1276
f 1277/1277 1327/1327 1276/1276
f 1328/1328 1327/1327 1277/1277
f 1278/1278 1328/1328 1277/1277
f 1329/1329 1328/1328 1278/1278
f 1279/1279 1329/1329 1278/1278
f 1330/1330 1329/1329 1279/1279
f 1280/1280 1330/1330 1279/1279
f 1331/1331 1330/1330 1280/1280
f 1281/1281 1331/1331 1280/1280
f 1332/1332 1331/1331 1281/1281
f 1282/1282 1332/1332 1281/1281
f 1333/1333 1332/1332 1282/1282
f 1283/1283 1333/1333 1282/1282
f 1334/1334 1333/1333 1283/1283
f 1284/1284 1334/1334 1283/1283
f 1335/1335 1334/1334 1284/1284
f 1285/1285 1335/1335 1284/1284
f 1336/1336 1335/1335 1285/1285
f 1286/1286 1336/1336 1285/1285
f 1337/1337 1336/1336 1286/1286
f 1287/1287 1337/1337 1286/1286
f 1338/1338 1337/1337 1287/1287
f 1288/1288 1338/1338 1287/1287
f 1339/1339 1338/1338 1288/1288
f 1289/1289 1339/1339 1288/1288
f 1340/1340 1339/1339 1289/1289
f 1290/1290 1340/1340 1289/1289
f 1341/1341 1340/1340 1290/1290
f 1291/1291 1341/1341 1290/1290
f 1342/1342 1341/1341 1291/1291
f 1292/1292 1342/1342 1291/1291
f 1343/1343 1342/1342 1292/1292
f 1293/1293 1343/1343 1292/1292
f 1344/1344 1343/1343 1293/1293
f 1294/1294 1344/1344 1293/1293
f 1345/1345 1344/1344 1294/1294
f 1295/1295 1345/1345 1294/1294
f 1346/1346 1345/1345 1295/1295
f 1296/1296 1346/1346 1295/1295
f 1347/1347 1346/1346 1296/1296
f 1297/1297 1347/1347 1296/1296
f 1348/1348 1347/1347 1297/1297
f 1298/1298 1348/1348 1297/1297
f 1349/1349 1348/1348 1298/1298
f 1299/1299 1349/1349 1298/1298
f 1350/1350 1349/1349 1299/1299
f 1300/1300 1350/1350 1299/1299
f 1352/1352 1351/1351 1301/1301
f 1302/1302 1352/1352 1301/1301
f 1353/1353 1352/1352 1302/1302
f 1303/1303 1353/1353 1302/1302
f 1354/1354 1353/1353 1303/1303
f 1304/1304 1354/1354 1303/1303
f 1355/1355 1354/1354 1304/1304
f 1305/1305 1355/1355 1304/1304
f 1356/1356 1355/1355 1305/1305
f 1306/1306 1356/1356 1305/1305
f 1357/1357 1356/1356 1306/1306
f 1307/1307 1357/1357 1306/1306
f 1358/1358 1357/1357 1307/1307
f 1308/1308 1358/1358 1307/1307
f 1359/1359 1358/1358 1308/1308
f 1309/1309 1359/1359 1308/1308
f 1360/1360 1359/1359 1309/1309
f 1310/1310 1360/1360 1309/1309
f 1361/1361 1360/1360 1310/1310
f 1311/1311 1361/1361 1310/1310
f 1362/1362 1361/1361 1311/1311
f 1312/1312 1362/1362 1311/1311
f 1363/1363 1362/1362 1312/1312
f 1313/1313 1363/1363 1312/1312
f 1364/1364 1363/1363 1313/1313
f 1314/1314 1364/1364 1313/1313
f 1365/1365 1364/1364 1314/1314
f 1315/1315 1365/1365 1314/1314
f 1366/1366 1365/1365 1315/1315
f 1316/1316 1366/1366 1315/1315
f 1367/1367 1366/1366 1316/1316
f 1317/1317 1367/1367 1316/1316
f 1368/1368 1367/1367 1317/1317
f 1318/1318 1368/1368 1317/1317
f 1369/1369 1368/1368 1318/1318
f 1319/1319 1369/1369 1318/1318
f 1370/1370 1369/1369 1319/1319
f 1320/1320 1370/1370 1319/1319
f 1371/1371 1370/1370 1320/1320
f 1321/1321 1371/1371 1320/1320
f 1372/1372 1371/1371 1321/1321
f 1322/1322 1372/1372 1321/1321
f 1373/1373 1372/1372 1322/1322
f 1323/1323 1373/1373 1322/1322
f 1374/1374 1373/1373 1323/1323
f 1324/1324 1374/1374 1323/1323
f 1375/1375 1374/1374 1324/1324
f 1325/1325 1375/1375 1324/1324
f 1376/1376 1375/1375 1325/1325
f 1326/1326 1376/1376 1325/1325
f 1377/1377 1376/1376 1326/1326
f 1327/1327 1377/1377 1326/1326
f 1378/1378 1377/1377 1327/1327
f 1328/1328 1378/1378 1327/1327
f 1379/1379 1378/1378 1328/1328
f 1329/1329 1379/1379 1328/1328
f 1380/1380 1379/1379 1329/1329
f 1330/1330 1380/1380 1329/1329
f 1381/1381 1380/1380 1330/1330
f 1331/1331 1381/1381 1330/1330
f 1382/1382 1381/1381 1331/1331
f 1332/1332 1382/1382 1331/1331
f 1383/1383 1382/1382 1332/1332
f 1333/1333 1383/1383 1332/1332
f 1384/1384 1383/1383 1333/1333
f 1334/1334 1384/1384 1333/1333
f 1385/1385 1384/1384 1334/1334
f 1335/1335 1385/1385 1334/1334
f 1386/1386 1385/1385 1335/1335
f 1336/1336 1386/1386 1335/1335
f 1387/1387 1386/1386 1336/1336
f 1337/1337 1387/1387 1336/1336
f 1388/1388 1387/1387 1337/1337
f 1338/1338 1388/1388 1337/1337
f 1389/1389 1388/1388 1338/1338
f 1339/1339 1389/1389 1338/1338
f 1390/1390 1389/1389 1339/1339
f 1340/1340 1390/1390 1339/1339
f 1391/1391 1390/1390 1340/1340
f 1341/1341 1391/1391 1340/1340
f 1392/1392 1391/1391 1341/1341
f 1342/1342 1392/1392 1341/1341
f 1393/1393 1392/1392 1342/1342
f 1343/1343 1393/1393 1342/1342
f 1394/1394 1393/1393 1343/1343
f 1344/1344 1394/1394 1343/1343
f 1395/1395 1394/1394 1344/1344
f 1345/1345 1395/1395 1344/1344
f 1396/1396 1395/1395 1345/1345
f 1346/1346 1396/1396 1345/1345
f 1397/1397 1396/1396 1346/1346
f 1347/1347 1397/1397 1346/1346
f 1398/1398 1397/1397 1347/1347
f 1348/1348 1398/1398 1347/1347
f 1399/1399 1398/1398 1348/1348
f 1349/1349 1399/1399 1348/1348
f 1400/1400 1399/1399 1349/1349
f 1350/1350 1400/1400 1349/1349
f 1402/1402 1401/1401 1351/1351
f 1352/1352 1402/1402 1351/1351
f 1403/1403 1402/1402 1352/1352
f 1353/1353 1403/1403 1352/1352
f 1404/1404 1403/1403 1353/1353
f 1354/1354 1404/1404 1353/1353
f 1405/1405 1404/1404 1354/1354
f 1355/1355 1405/1405 1354/1354
f 1406/1406 1405/1405 1355/1355
f 1356/1356 1406/1406 1355/1355
f 1407/1407 1406/1406 1356/1356
f 1357/1357 1407/1407 1356/1356
f 1408/1408 1407/1407 1357/1357
f 1358/1358 1408/1408 1357/1357
f 1409/1409 1408/1408 1358/1358
f 1359/1359 1409/1409 1358/1358
f 1410/1410 1409/1409 1359/1359
f 1360/1360 1410/1410 1359/1359
f 1411/1411 1410/1410 1360/1360
f 1361/1361 1411/1411 1360/1360
f 1412/1412 1411/1411 1361/1361
f 1362/1362 1412/1412 1361/1361
f 1413/1413 1412/1412 1362/1362
f 1363/1363 1413/1413 1362/1362
f 1414/1414 1413/1413 1363/1363
f 1364/1364 1414/1414 1363/1363
f 1415/1415 1414/1414 1364/1364
f 1365/1365 1415/1415 1364/1364
f 1416/1416 1415/1415 1365/1365
f 1366/1366 1416/1416 1365/1365
f 1417/1417 1416/1416 1366/1366
f 1367/1367 1417/1417 1366/1366
f 1418/1418 1417/1417 1367/1367
f 1368/1368 1418/1418 1367/1367
f 1419/1419 1418/1418 1368/1368
f 1369/1369 1419/1419 1368/1368
f 1420/1420 1419/1419 1369/1369
f 1370/1370 1420/1420 1369/1369
f 1421/1421 1420/1420 1370/1370
f 1371/1371 1421/1421 1370/1370
f 1422/1422 1421/1421 1371/1371
f 1372/1372 1422/1422 1371/1371
f 1423/1423 1422/1422 1372/1372
f 1373/1373 1423/1423 1372/1372
f 1424/1424 1423/1423 1373/1373
f 1374/1374 1424/1424 1373/1373
f 1425/1425 1424/1424 1374/1374
f 1375/1375 1425/1425 1374/1374
f 1426/1426 1425/1425 1375/1375
f 1376/1376 1426/1426 1375/1375
f 1427/1427 1426/1426 1376/1376
f 1377/1377 1427/1427 1376/1376
f 1428/1428 1427/1427 1377/1377
f 1378/1378 1428/1428 1377/1377
f 1429/1429 1428/1428 1378/1378
f 1379/1379 1429/1429 1378/1378
f 1430/1430 1429/1429 1379/1379
f 1380/1380 1430/1430 1379/1379
f 1431/1431 1430/1430 1380/1380
f 1381/1381 1431/1431 1380/1380
f 1432/1432 1431/1431 1381/1381
f 1382/1382 1432/1432 1381/1381
f 1433/1433 1432/1432 1382/1382
f 1383/1383 1433/1433 1382/1382
f 1434/1434 1433/1433 1383/1383
f 1384/1384 1434/1434 1383/1383
f 1435/1435 1434/1434 1384/1384
f 1385/1385 1435/1435 1384/1384
f 1436/1436 1435/1435 1385/1385
f 1386/1386 1436/1436 1385/1385
f 1437/1437 1436/1436 1386/1386
f 1387/1387 1437/1437 1386/1386
f 1438/1438 1437/1437 1387/1387
f 1388/1388 1438/1438 1387/1387
f 1439/1439 1438/1438 1388/1388
f 1389/1389 1439/1439 1388/1388
f 1440/1440 1439/1439 1389/1389
f 1390/1390 1440/1440 1389/1389
f 1441/1441 1440/1440 1390/1390
f 1391/1391 1441/1441 1390/1390
f 1442/1442 1441/1441 1391/1391
f 1392/1392 1442/1442 1391/1391
f 1443/1443 1442/1442 1392/1392
f 1393/1393 1443/1443 1392/1392
f 1444/1444 1443/1443 1393/1393
f 1394/1394 1444/1444 1393/1393
f 1445/1445 1444/1444 1394/1394
f 1395/1395 1445/1445 1394/1394
f 1446/1446 1445/1445 1395/1395
f 1396/1396 1446/1446 1395/1395
f 1447/1447 1446/1446 1396/1396
f 1397/1397 1447/1447 1396/1396
f 1448/1448 1447/1447 1397/1397
f 1398/1398 1448/1448 1397/1397
f 1449/1449 1448/1448 1398/1398
f 1399/1399 1449/1449 1398/1398
f 1450/1450 1449/1449 1399/1399
f 1400/1400 1450/1450 1399/1399
f 1452/1452 1451/1451 1401/1401
f 1402/1402 1452/1452 1401/1401
f 1453/1453 1452/1452 1402/1402
f 1403/1403 1453/1453 1402/1402
f 1454/1454 1453/1453 1403/1403
f 1404/1404 1454/1454 1403/1403
f 1455/1455 1454/1454 1404/1404
f 1405/1405 1455/1455 1404/1404
f 1456/1456 1455/1455 1405/1405
f 1406/1406 1456/1456 1405/1405
f 1457/1457 1456/1456 1406/1406
f 1407/1407 1457/1457 1406/1406
f 1458/1458 1457/1457 1407/1407
f 1408/1408 1458/1458 1407/1407
f 1459/1459 1458/1458 1408/1408
f 1409/1409 1459/1459 1408/1408
f 1460/1460 1459/1459 1409/1409
f 1410/1410 1460/1460 1409/1409
f 1461/1461 1460/1460 1410/1410
f 1411/1411 1461/1461 1410/1410
f 1462/1462 1461/1461 1411/1411
f 1412/1412 1462/1462 1411/1411
f 1463/1463 1462/1462 1412/1412
f 1413/1413 1463/1463 1412/1412
f 1464/1464 1463/1463 1413/1413
f 1414/1414 1464/1464 1413/1413
f 1465/1465 1464/1464 1414/1414
f 1415/1415 1465/1465 1414/1414
f 1466/1466 1465/1465 1415/1415
f 1416/1416 1466/1466 1415/1415
f 1467/1467 1466/1466 1416/1416
f 1417/1417 1467/1467 1416/1416
f 1468/1468 1467/1467 1417/1417
f 1418/1418 1468/1468 1417/1417
f 1469/1469 1468/1468 1418/1418
f 1419/1419 1469/1469 1418/1418
f 1470/1470 1469/1469 1419/1419
f 1420/1420 1470/1470 1419/1419
f 1471/1471 1470/1470 1420/1420
f 1421/1421 1471/1471 1420/1420
f 1472/1472 1471/1471 1421/1421
f 1422/1422 1472/1472 1421/1421
f 1473/1473 1472/1472 1422/1422
f 1423/1423 1473/1473 1422/1422
f 1474/1474 1473/1473 1423/1423
f 1424/1424 1474/1474 1423/1423
f 1475/1475 1474/1474 1424/1424
f 1425/1425 1475/1475 1424/1424
f 1476/1476 1475/1475 1425/1425
f 1426/1426 1476/1476 1425/1425
f 1477/1477 1476/1476 1426/1426
f 1427/1427 1477/1477 1426/1426
f 1478/1478 1477/1477 1427/1427
f 1428/1428 1478/1478 1427/1427
f 1479/1479 1478/1478 1428/1428
f 1429/1429 1479/1479 1428/1428
f 1480/1480 1479/1479 1429/1429
f 1430/1430 1480/1480 1429/1429
f 1481/1481 1480/1480 1430/1430
f 1431/1431 1481/1481 1430/1430
f 1482/1482 1481/1481 1431/1431
f 1432/1432 1482/1482 1431/1431
f 1483/1483 1482/1482 1432/1432
f 1433/1433 1483/1483 1432/1432
f 1484/1484 1483/1483 1433/1433
f 1434/1434 1484/1484 1433/1433
f 1485/1485 1484/1484 1434/1434
f 1435/1435 1485/1485 1434/1434
f 1486/1486 1485/1485 1435/1435
f 1436/1436 1486/1486 1435/1435
f 1487/1487 1486/1486 1436/1436
f 1437/1437 1487/1487 1436/1436
f 1488/1488 1487/1487 1437/1437
f 1438/1438 1488/1488 1437/1437
f 1489/1489 1488/1488 1438/1438
f 1439/1439 1489/1489 1438/1438
f 1490/1490 1489/1489 1439/1439
f 1440/1440 1490/1490 1439/1439
f 1491/1491 1490/1490 1440/1440
f 1441/1441 1491/1491 1440/1440
f 1492/1492 1491/1491 1441/1441
f 1442/1442 1492/1492 1441/1441
f 1493/1493 1492/1492 1442/1442
f 1443/1443 1493/1493 1442/1442
f 1494/1494 1493/1493 1443/1443
f 1444/1444 1494/1494 1443/1443
f 1495/1495 1494/1494 1444/1444
f 1445/1445 1495/1495 1444/1444
f 1496/1496 1495/1495 1445/1445
f 1446/1446 1496/1496 1445/1445
f 1497/1497 1496/1496 1446/1446
f 1447/1447 1497/1497 1446/1446
f 1498/1498 1497/1497 1447/1447
f 1448/1448 1498/1498 1447/1447
f 1499/1499 1498/1498 1448/1448
f 1449/1449 1499/1499 1448/1448
f 1500/1500 1499/1499 1449/1449
f 1450/1450 1500/1500 1449/1449
f 1502/1502 1501/1501 1451/1451
f 1452/1452 1502/1502 1451/1451
f 1503/1503 1502/1502 1452/1452
f 1453/1453 1503/1503 1452/1452
f 1504/1504 1503/1503 1453/1453
f 1454/1454 1504/1504 1453/1453
f 1505/1505 1504/1504 1454/1454
f 1455/1455 1505/1505 1454/1454
f 1506/1506 1505/1505 1455/1455
f 1456/1456 1506/1506 1455/1455
f 1507/1507 1506/1506 1456/1456
f 1457/1457 1507/1507 1456/1456
f 1508/1508 1507/1507 1457/1457
f 1458/1458 1508/1508 1457/1457
f 1509/1509 1508/1508 1458/1458
f 1459/1459 1509/1509 1458/1458
f 1510/1510 1509/1509 1459/1459
f 1460/1460 1510/1510 1459/1459
f 1511/1511 1510/1510 1460/1460
f 1461/1461 1511/1511 1460/1460
f 1512/1512 1511/1511 1461/1461
f 1462/1462 1512/1512 1461/1461
f 1513/1513 1512/1512 1462/1462
f 1463/1463 1513/1513 1462/1462
f 1514/1514 1513/1513 1463/1463
f 1464/1464 1514/1514 1463/1463
f 1515/1515 1514/1514 1464/1464
f 1465/1465 1515/1515 1464/1464
f 1516/1516 1515/1515 1465/1465
f 1466/1466 1516/1516 1465/1465
f 1517/1517 1516/1516 1466/1466
f 1467/1467 1517/1517 1466/1466
f 1518/1518 1517/1517 1467/1467
f 1468/1468 1518/1518 1467/1467
f 1519/1519 1518/1518 1468/1468
f 1469/1469 1519/1519 1468/1468
f 1520/1520 1519/1519 1469/1469
f 1470/1470 1520/1520 1469/1469
f 1521/1521 1520/1520 1470/1470
f 1471/1471 1521/1521 1470/1470
f 1522/1522 1521/1521 1471/1471
f 1472/1472 1522/1522 1471/1471
f 1523/1523 1522/1522 1472/1472
f 1473/1473 1523/1523 1472/1472
f 1524/1524 1523/1523 1473/1473
f 1474/1474 1524/1524 1473/1473
f 1525/1525 1524/1524 1474/1474
f 1475/1475 1525/1525 1474/1474
f 1526/1526 1525/1525 1475/1475
f 1476/1476 1526/1526 1475/1475
f 1527/1527 1526/1526 1476/1476
f 1477/1477 1527/1527 1476/1476
f 1528/1528 1527/1527 1477/1477
f 1478/1478 1528/1528 1477/1477
f 1529/1529 1528/1528 1478/1478
f 1479/1479 1529/1529 1478/1478
f 1530/1530 1529/1529 1479/1479
f 1480/1480 1530/1530 1479/1479
f 1531/1531 1530/1530 1480/1480
f 1481/1481 1531/1531 1480/1480
f 1532/1532 1531/1531 1481/1481
f 1482/1482 1532/1532 1481/1481
f 1533/1533 1532/1532 1482/1482
f 1483/1483 1533/1533 1482/1482
f 1534/1534 1533/1533 1483/1483
f 1484/1484 1534/1534 1483/1483
f 1535/1535 1534/1534 1484/1484
f 1485/1485 1535/1535 1484/1484
f 1536/1536 1535/1535 1485/1485
f 1486/1486 1536/1536 1485/1485
f 1537/1537 1536/1536 1486/1486
f 1487/1487 1537/1537 1486/1486
f 1538/1538 1537/1537 1487/1487
f 1488/1488 1538/1538 1487/1487
f 1539/1539 1538/1538 1488/1488
f 1489/1489 1539/1539 1488/1488
f 1540/1540 1539/1539 1489/1489
f 1490/1490 1540/1540 1489/1489
f 1541/1541 1540/1540 1490/1490
f 1491/1491 1541/1541 1490/1490
f 1542/1542 1541/1541 1491/1491
f 1492/1492 1542/1542 1491/1491
f 1543/1543 1542/1542 1492/1492
f 1493/1493 1543/1543 1492/1492
f 1544/1544 1543/1543 1493/1493
f 1494/1494 1544/1544 1493/1493
f 1545/1545 1544/1544 1494/1494
f 1495/1495 1545/1545 1494/1494
f 1546/1546 1545/1545 1495/1495
f 1496/1496 1546/1546 1495/1495
f 1547/1547 1546/1546 1496/1496
f 1497/1497 1547/1547 1496/1496
f 1548/1548 1547/1547 1497/1497
f 1498/1498 1548/1548 1497/1497
f 1549/1549 1548/1548 1498/1498
f 1499/1499 1549/1549 1498/1498
f 1550/1550 1549/1549 1499/1499
f 1500/1500 1550/1550 1499/1499
f 1552/1552 1551/1551 1501/1501
f 1502/1502 1552/1552 1501/1501
f 1553/1553 1552/1552 1502/1502
f 1503/1503 1553/1553 1502/1502
f 1554/1554 1553/1553 1503/1503
f 1504/1504 1554/1554 1503/1503
f 1555/1555 1554/1554 1504/1504
f 1505/1505 1555/1555 1504/1504
f 1556/1556 1555/1555 1505/1505
f 1506/1506 1556/1556 1505/1505
f 1557/1557 1556/1556 1506/1506
f 1507/1507 1557/1557 1506/1506
f 1558/1558 1557/1557 1507/1507
f 1508/1508 1558/1558 1507/1507
f 1559/1559 1558/1558 1508/1508
f 1509/1509 1559/1559 1508/1508
f 1560/1560 1559/1559 1509/1509
f 1510/1510 1560/1560 1509/1509
f 1561/1561 1560/1560 1510/1510
f 1511/1511 1561/1561 1510/1510
f 1562/1562 1561/1561 1511/1511
f 1512/1512 1562/1562 1511/1511
f 1563/1563 1562/1562 1512/1512
f 1513/1513 1563/1563 1512/1512
f 1564/1564 1563/1563 1513/1513
f 1514/1514 1564/1564 1513/1513
f 1565/1565 1564/1564 1514/1514
f 1515/1515 1565/1565 1514/1514
f 1566/1566 1565/1565 1515/1515
f 1516/1516 1566/1566 1515/1515
f 1567/1567 1566/1566 1516/1516
f 1517/1517 1567/1567 1516/1516
f 1568/1568 1567/1567 1517/1517
f 1518/1518 1568/1568 1517/1517
f 1569/1569 1568/1568 1518/1518
f 1519/1519 1569/1569 1518/1518
f 1570/1570 1569/1569 1519/1519
f 1520/1520 1570/1570 1519/1519
f 1571/1571 1570/1570 1520/1520
f 1521/1521 1571/1571 1520/1520
f 1572/1572 1571/1571 1521/1521
f 1522/1522 1572/1572 1521/1521
f 1573/1573 1572/1572 1522/1522
f 1523/1523 1573/1573 1522/1522
f 1574/1574 1573/1573 1523/1523
f 1524/1524 1574/1574 1523/1523
f 1575/1575 1574/1574 1524/1524
f 1525/1525 1575/1575 1524/1524
f 1576/1576 1575/1575 1525/1525
f 1526/1526 1576/1576 1525/1525
f 1577/1577 1576/1576 1526/1526
f 1527/1527 1577/1577 1526/1526
f 1578/1578 1577/1577 1527/1527
f 1528/1528 1578/1578 1527/1527
f 1579/1579 1578/1578 1528/1528
f 1529/1529 1579/1579 1528/1528
f 1580/1580 1579/1579 1529/1529
f 1530/1530 1580/1580 1529/1529
f 1581/1581 1580/1580 1530/1530
f 1531/1531 1581/1581 1530/1530
f 1582/1582 1581/1581 1531/1531
f 1532/1532 1582/1582 1531/1531
f 1583/1583 1582/1582 1532/1532
f 1533/1533 1583/1583 1532/1532
f 1584/1584 1583/1583 1533/1533
f 1534/1534 1584/1584 1533/1533
f 1585/1585 1584/1584 1534/1534
f 1535/1535 1585/1585 1534/1534
f 1586/1586 1585/1585 1535/1535
f 1536/1536 1586/1586 1535/1535
f 1587/1587 1586/1586 1536/1536
f 1537/1537 1587/1587 1536/1536
f 1588/1588 1587/1587 1537/1537
f 1538/1538 1588/1588 1537/1537
f 1589/1589 1588/1588 1538/1538
f 1539/1539 1589/1589 1538/1538
f 1590/1590 1589/1589 1539/1539
f 1540/1540 1590/1590 1539/1539
f 1591/1591 1590/1590 1540/1540
f 1541/1541 1591/1591 1540/1540
f 1592/1592 1591/1591 1541/1541
f 1542/1542 1592/1592 1541/1541
f 1593/1593 1592/1592 1542/1542
f 1543/1543 1593/1593 1542/1542
f 1594/1594 1593/1593 1543/1543
f 1544/1544 1594/1594 1543/1543
f 1595/1595 1594/1594 1544/1544
f 1545/1545 1595/1595 1544/1544
f 1596/1596 1595/1595 1545/1545
f 1546/1546 1596/1596 1545/1545
f 1597/1597 1596/1596 1546/1546
f 1547/1547 1597/1597 1546/1546
f 1598/1598 1597/1597 1547/1547
f 1548/1548 1598/1598 1547/1547
f 1599/1599 1598/1598 1548/1548
f 1549/1549 1599/1599 1548/1548
f 1600/1600 1599/1599 1549/1549
f 1550/1550 1600/1600 1549/1549
f 1602/1602 1601/1601 1551/1551
f 1552/1552 1602/1602 1551/1551
f 1603/1603 1602/1602 1552/1552
f 1553/1553 1603/1603 1552/1552
f 1604/1604 1603/1603 1553/1553
f 1554/1554 1604/1604 1553/1553
f 1605/1605 1604/1604 1554/1554
f 1555/1555 1605/1605 1554/1554
f 1606/1606 1605/1605 1555/1555
f 1556/1556 1606/1606 1555/1555
f 1607/1607 1606/1606 1556/1556
f 1557/1557 1607/1607 1556/1556
f 1608/1608 1607/1607 1557/1557
f 1558/1558 1608/1608 1557/1557
f 1609/1609 1608/1608 1558/1558
f 1559/1559 1609/1609 1558/1558
f 1610/1610 1609/1609 1559/1559
f 1560/1560 1610/1610 1559/1559
f 1611/1611 1610/1610 1560/1560
f 1561/1561 1611/1611 1560/1560
f 1612/1612 1611/1611 1561/1561
f 1562/1562 1612/1612 1561/1561
f 1613/1613 1612/1612 1562/1562
f 1563/1563 1613/1613 1562/1562
f 1614/1614 1613/1613 1563/1563
f 1564/1564 1614/1614 1563/1563
f 1615/1615 1614/1614 1564/1564
f 1565/1565 1615/1615 1564/1564
f 1616/1616 1615/1615 1565/1565
f 1566/1566 1616/1616 1565/1565
f 1617/1617 1616/1616 1566/1566
f 1567/1567 1617/1617 1566/1566
f 1618/1618 1617/1617 1567/1567
f 1568/1568 1618/1618 1567/1567
f 1619/1619 1618/1618 1568/1568
f 1569/1569 1619/1619 1568/1568
f 1620/1620 1619/1619 1569/1569
f 1570/1570 1620/1620 1569/1569
f 1621/1621 1620/1620 1570/1570
f 1571/1571 1621/1621 1570/1570
f 1622/1622 1621/1621 1571/1571
f 1572/1572 1622/1622 1571/1571
f 1623/1623 1622/1622 1572/1572
f 1573/1573 1623/1623 1572/1572
f 1624/1624 1623/1623 1573/1573
f 1574/1574 1624/1624 1573/1573
f 1625/1625 1624/1624 1574/1574
f 1575/1575 1625/1625 1574/1574
f 1626/1626 1625/1625 1575/1575
f 1576/1576 1626/1626 1575/1575
f 1627/1627 1626/1626 1576/1576
f 1577/1577 1627/1627 1576/1576
f 1628/1628 1627/1627 1577/1577
f 1578/1578 1628/1628 1577/1577
f 1629/1629 1628/1628 1578/1578
f 1579/1579 1629/1629 1578/1578
f 1630/1630 1629/1629 1579/1579
f 1580/1580 1630/1630 1579/1579
f 1631/1631 1630/1630 1580/1580
f 1581/1581 1631/1631 1580/1580
f 1632/1632 1631/1631 1581/1581
f 1582/1582 1632/1632 1581/1581
f 1633/1633 1632/1632 1582/1582
f 1583/1583 1633/1633 1582/1582
f 1634/1634 1633/1633 1583/1583
f 1584/1584 1634/1634 1583/1583
f 1635/1635 1634/1634 1584/1584
f 1585/1585 1635/1635 1584/1584
f 1636/1636 1635/1635 1585/1585
f 1586/1586 1636/1636 1585/1585
f 1637/1637 1636/1636 1586/1586
f 1587/1587 1637/1637 1586/1586
f 1638/1638 1637/1637 1587/1587
f 1588/1588 1638/1638 1587/1587
f 1639/1639 1638/1638 1588/1588
f 1589/1589 1639/1639 1588/1588
f 1640/1640 1639/1639 1589/1589
f 1590/1590 1640/1640 1589/1589
f 1641/1641 1640/1640 1590/1590
f 1591/1591 1641/1641 1590/1590
f 1642/1642 1641/1641 1591/1591
f 1592/1592 1642/1642 1591/1591
f 1643/1643 1642/1642 1592/1592
f 1593/1593 1643/1643 1592/1592
f 1644/1644 1643/1643 1593/1593
f 1594/1594 1644/1644 1593/1593
f 1645/1645 1644/1644 1594/1594
f 1595/1595 1645/1645 1594/1594
f 1646/1646 1645/1645 1595/1595
f 1596/1596 1646/1646 1595/1595
f 1647/1647 1646/1646 1596/1596
f 1597/1597 1647/1647 1596/1596
f 1648/1648 1647/1647 1597/1597
f 1598/1598 1648/1648 1597/1597
f 1649/1649 1648/1648 1598/1598
f 1599/1599 1649/1649 1598/1598
f 1650/1650 1649/1649 1599/1599
f 1600/1600 1650/1650 1599/1599
f 1652/1652 1651/1651 1601/1601
f 1602/1602 1652/1652 1601/1601
f 1653/1653 1652/1652 1602/1602
f 1603/1603 1653/1653 1602/1602
f 1654/1654 1653/1653 1603/1603
f 1604/1604 1654/1654 1603/1603
f 1655/1655 1654/1654 1604/1604
f 1605/1605 1655/1655 1604/1604
f 1656/1656 1655/1655 1605/1605
f 1606/1606 1656/1656 1605/1605
f 1657/1657 1656/1656 1606/1606
f 1607/1607 1657/1657 1606/1606
f 1658/1658 1657/1657 1607/1607
f 1608/1608 1658/1658 1607/1607
f 1659/1659 1658/1658 1608/1608
f 1609/1609 1659/1659 1608/1608
f 1660/1660 1659/1659 1609/1609
f 1610/1610 1660/1660 1609/1609
f 1661/1661 1660/1660 1610/1610
f 1611/1611 1661/1661 1610/1610
f 1662/1662 1661/1661 1611/1611
f 1612/1612 1662/1662 1611/1611
f 1663/1663 1662/1662 1612/1612
f 1613/1613 1663/1663 1612/1612
f 1664/1664 1663/1663 1613/1613
f 1614/1614 1664/1664 1613/1613
f 1665/1665 1664/1664 1614/1614
f 1615/1615 1665/1665 1614/1614
f 1666/1666 1665/1665 1615/1615
f 1616/1616 1666/1666 1615/1615
f 1667/1667 1666/1666 1616/1616
f 1617/1617 1667/1667 1616/1616
f 1668/1668 1667/1667 1617/1617
f 1618/1618 1668/1668 1617/1617
f 1669/1669 1668/1668 1618/1618
f 1619/1619 1669/1669 1618/1618
f 1670/1670 1669/1669 1619/1619
f 1620/1620 1670/1670 1619/1619
f 1671/1671 1670/1670 1620/1620
f 1621/1621 1671/1671 1620/1620
f 1672/1672 1671/1671 1621/1621
f 1622/1622 1672/1672 1621/1621
f 1673/1673 1672/1672 1622/1622
f 1623/1623 1673/1673 1622/1622
f 1674/1674 1673/1673 1623/1623
f 1624/1624 1674/1674 1623/1623
f 1675/1675 1674/1674 1624/1624
f 1625/1625 1675/1675 1624/1624
f 1676/1676 1675/1675 1625/1625
f 1626/1626 1676/1676 1625/1625
f 1677/1677 1676/1676 1626/1626
f 1627/1627 1677/1677 1626/1626
f 1678/1678 1677/1677 1627/1627
f 1628/1628 1678/1678 1627/1627
f 1679/1679 1678/1678 1628/1628
f 1629/1629 1679/1679 1628/1628
f 1680/1680 1679/1679 1629/1629
f 1630/1630 1680/1680 1629/1629
f 1681/1681 1680/1680 1630/1630
f 1631/1631 1681/1681 1630/1630
f 1682/1682 1681/1681 1631/1631
f 1632/1632 1682/1682 1631/1631
f 1683/1683 1682/1682 1632/1632
f 1633/1633 1683/1683 1632/1632
f 1684/1684 1683/1683 1633/1633
f 1634/1634 1684/1684 1633/1633
f 1685/1685 1684/1684 1634/1634
f 1635/1635 1685/1685 1634/1634
f 1686/1686 1685/1685 1635/1635
f 1636/1636 1686/1686 1635/1635
f 1687/1687 1686/1686 1636/1636
f 1637/1637 1687/1687 1636/1636
f 1688/1688 1687/1687 1637/1637
f 1638/1638 1688/1688 1637/1637
f 1689/1689 1688/1688 1638/1638
f 1639/1639 1689/1689 1638/1638
f 1690/1690 1689/1689 1639/1639
f 1640/1640 1690/1690 1639/1639
f 1691/1691 1690/1690 1640/1640
f 1641/1641 1691/1691 1640/1640
f 1692/1692 1691/1691 1641/1641
f 1642/1642 1692/1692 1641/1641
f 1693/1693 1692/1692 1642/1642
f 1643/1643 1693/1693 1642/1642
f 1694/1694 1693/1693 1643/1643
f 1644/1644 1694/1694 1643/1643
f 1695/1695 1694/1694 1644/1644
f 1645/1645 1695/1695 1644/1644
f 1696/1696 1695/1695 1645/1645
f 1646/1646 1696/1696 1645/1645
f 1697/1697 1696/1696 1646/1646
f 1647/1647 1697/1697 1646/1646
f 1698/1698 1697/1697 1647/1647
f 1648/1648 1698/1698 1647/1647
f 1699/1699 1698/1698 1648/1648
f 1649/1649 1699/1699 1648/1648
f 1700/1700 1699/1699 1649/1649
f 1650/1650 1700/1700 1649/1649
f 1702/1702 1701/1701 1651/1651
f 1652/1652 1702/1702 1651/1651
f 1703/1703 1702/1702 1652/1652
f 1653/1653 1703/1703 1652/1652
f 1704/1704 1703/1703 1653/1653
f 1654/1654 1704/1704 1653/1653
f 1705/1705 1704/1704 1654/1654
f 1655/1655 1705/1705 1654/1654
f 1706/1706 1705/1705 1655/1655
f 1656/1656 1706/1706 1655/1655
f 1707/1707 1706/1706 1656/1656
f 1657/1657 1707/1707 1656/1656
f 1708/1708 1707/1707 1657/1657
f 1658/1658 1708/1708 1657/1657
f 1709/1709 1708/1708 1658/1658
f 1659/1659 1709/1709 1658/1658
f 1710/1710 1709/1709 1659/1659
f 1660/1660 1710/1710 1659/1659
f 1711/1711 1710/1710 1660/1660
f 1661/1661 1711/1711 1660/1660
f 1712/1712 1711/1711 1661/1661
f 1662/1662 1712/1712 1661/1661
f 1713/1713 1712/1712 1662/1662
f 1663/1663 1713/1713 1662/1662
f 1714/1714 1713/1713 1663/1663
f 1664/1664 1714/1714 1663/1663
f 1715/1715 1714/1714 1664/1664
f 1665/1665 1715/1715 1664/1664
f 1716/1716 1715/1715 1665/1665
f 1666/1666 1716/1716 1665/1665
f 1717/1717 1716/1716 1666/1666
f 1667/1667 1717/1717 1666/1666
f 1718/1718 1717/1717 1667/1667
f 1668/1668 1718/1718 1667/1667
f 1719/1719 1718/1718 1668/1668
f 1669/1669 1719/1719 1668/1668
f 1720/1720 1719/1719 1669/1669
f 1670/1670 1720/1720 1669/1669
f 1721/1721 1720/1720 1670/1670
f 1671/1671 1721/1721 1670/1670
f 1722/1722 1721/1721 1671/1671
f 1672/1672 1722/1722 1671/1671
f 1723/1723 1722/1722 1672/1672
f 1673/1673 1723/1723 1672/1672
f 1724/1724 1723/1723 1673/1673
f 1674/1674 1724/1724 1673/1673
f 1725/1725 1724/1724 1674/1674
f 1675/1675 1725/1725 1674/1674
f 1726/1726 1725/1725 1675/1675
f 1676/1676 1726/1726 1675/1675
f 1727/1727 1726/1726 1676/1676
f 1677/1677 1727/1727 1676/1676
f 1728/1728 1727/1727 1677/1677
f 1678/1678 1728/1728 1677/1677
f 1729/1729 1728/1728 1678/1678
f 1679/1679 1729/1729 1678/1678
f 1730/1730 1729/1729 1679/1679
f 1680/1680 1730/1730 1679/1679
f 1731/1731 1730/1730 1680/1680
f 1681/1681 1731/1731 1680/1680
f 1732/1732 1731/1731 1681/1681
f 1682/1682 1732/1732 1681/1681
f 1733/1733 1732/1732 1682/1682
f 1683/1683 1733/1733 1682/1682
f 1734/1734 1733/1733 1683/1683
f 1684/1684 1734/1734 1683/1683
f 1735/1735 1734/1734 1684/1684
f 1685/1685 1735/1735 1684/1684
f 1736/1736 1735/1735 1685/1685
f 1686/1686 1736/1736 1685/1685
f 1737/1737 1736/1736 1686/1686
f 1687/1687 1737/1737 1686/1686
f 1738/1738 1737/1737 1687/1687
f 1688/1688 1738/1738 1687/1687
f 1739/1739 1738/1738 1688/1688
f 1689/1689 1739/1739 1688/1688
f 1740/1740 1739/1739 1689/1689
f 1690/1690 1740/1740 1689/1689
f 1741/1741 1740/1740 1690/1690
f 1691/1691 1741/1741 1690/1690
f 1742/1742 1741/1741 1691/1691
f 1692/1692 1742/1742 1691/1691
f 1743/1743 1742/1742 1692/1692
f 1693/1693 1743/1743 1692/1692
f 1744/1744 1743/1743 1693/1693
f 1694/1694 1744/1744 1693/1693
f 1745/1745 1744/1744 1694/1694
f 1695/1695 1745/1745 1694/1694
f 1746/1746 1745/1745 1695/1695
f 1696/1696 1746/1746 1695/1695
f 1747/1747 1746/1746 1696/1696
f 1697/1697 1747/1747 1696/1696
f 1748/1748 1747/1747 1697/1697
f 1698/1698 1748/1748 1697/1697
f 1749/1749 1748/1748 1698/1698
f 1699/1699 1749/1749 1698/1698
f 1750/1750 1749/1749 1699/1699
f 1700/1700 1750/1750 1699/1699
f 1752/1752 1751/1751 1701/1701
f 1702/1702 1752/1752 1701/1701
f 1753/1753 1752/1752 1702/1702
f 1703/1703 1753/1753 1702/1702
f 1754/1754 1753/1753 1703/1703
f 1704/1704 1754/1754 1703/1703
f 1755/1755 1754/1754 1704/1704
f 1705/1705 1755/1755 1704/1704
f 1756/1756 1755/1755 1705/1705
f 1706/1706 1756/1756 1705/1705
f 1757/1757 1756/1756 1706/1706
f 1707/1707 1757/1757 1706/1706
f 1758/1758 1757/1757 1707/1707
f 1708/1708 1758/1758 1707/1707
f 1759/1759 1758/1758 1708/1708
f 1709/1709 1759/1759 1708/1708
f 1760/1760 1759/1759 1709/1709
f 1710/1710 1760/1760 1709/1709
f 1761/1761 1760/1760 1710/1710
f 1711/1711 1761/1761 1710/1710
f 1762/1762 1761/1761 1711/1711
f 1712/1712 1762/1762 1711/1711
f 1763/1763 1762/1762 1712/1712
f 1713/1713 1763/1763 1712/1712
f 1764/1764 1763/1763 1713/1713
f 1714/1714 1764/1764 1713/1713
f 1765/1765 1764/1764 1714/1714
f 1715/1715 1765/1765 1714/1714
f 1766/1766 1765/1765 1715/1715
f 1716/1716 1766/1766 1715/1715
f 1767/1767 1766/1766 1716/1716
f 1717/1717 1767/1767 1716/1716
f 1768/1768 1767/1767 1717/1717
f 1718/1718 1768/1768 1717/1717
f 1769/1769 1768/1768 1718/1718
f 1719/1719 1769/1769 1718/1718
f 1770/1770 1769/1769 1719/1719
f 1720/1720 1770/1770 1719/1719
f 1771/1771 1770/1770 1720/1720
f 1721/1721 1771/1771 1720/1720
f 1772/1772 1771/1771 1721/1721
f 1722/1722 1772/1772 1721/1721
f 1773/1773 1772/1772 1722/1722
f 1723/1723 1773/1773 1722/1722
f 1774/1774 1773/1773 1723/1723
f 1724/1724 1774/1774 1723/1723
f 1775/1775 1774/1774 1724/1724
f 1725/1725 1775/1775 1724/1724
f 1776/1776 1775/1775 1725/1725
f 1726/1726 1776/1776 1725/1725
f 1777/1777 1776/1776 1726/1726
f 1727/1727 1777/1777 1726/1726
f 1778/1778 1777/1777 1727/1727
f 1728/1728 1778/1778 1727/1727
f 1779/1779 1778/1778 1728/1728
f 1729/1729 1779/1779 1728/1728
f 1780/1780 1779/1779 1729/1729
f 1730/1730 1780/1780 1729/1729
f 1781/1781 1780/1780 1730/1730
f 1731/1731 1781/1781 1730/1730
f 1782/1782 1781/1781 1731/1731
f 1732/1732 1782/1782 1731/1731
f 1783/1783 1782/1782 1732/1732
f 1733/1733 1783/1783 1732/1732
f 1784/1784 1783/1783 1733/1733
f 1734/1734 1784/1784 1733/1733
f 1785/1785 1784/1784 1734/1734
f 1735/1735 1785/1785 1734/1734
f 1786/1786 1785/1785 1735/1735
f 1736/1736 1786/1786 1735/1735
f 1787/1787 1786/1786 1736/1736
f 1737/1737 1787/1787 1736/1736
f 1788/1788 1787/1787 1737/1737
f 1738/1738 1788/1788 1737/1737
f 1789/1789 1788/1788 1738/1738
f 1739/1739 1789/1789 1738/1738
f 1790/1790 1789/1789 1739/1739
f 1740/1740 1790/1790 1739/1739
f 1791/1791 1790/1790 1740/1740
f 1741/1741 1791/1791 1740/1740
f 1792/1792 1791/1791 1741/1741
f 1742/1742 1792/1792 1741/1741
f 1793/1793 1792/1792 1742/1742
f 1743/1743 1793/1793 1742/1742
f 1794/1794 1793/1793 1743/1743
f 1744/1744 1794/1794 1743/1743
f 1795/1795 1794/1794 1744/1744
f 1745/1745 1795/1795 1744/1744
f 1796/1796 1795/1795 1745/1745
f 1746/1746 1796/1796 1745/1745
f 1797/1797 1796/1796 1746/1746
f 1747/1747 1797/1797 1746/1746
f 1798/1798 1797/1797 1747/1747
f 1748/1748 1798/1798 1747/1747
f 1799/1799 1798/1798 1748/1748
f 1749/1749 1799/1799 1748/1748
f 1800/1800 1799/1799 1749/1749
f 1750/1750 1800/1800 1749/1749
f 1802/1802 1801/1801 1751/1751
f 1752/1752 1802/1802 1751/1751
f 1803/1803 1802/1802 1752/1752
f 1753/1753 1803/1803 1752/1752
f 1804/1804 1803/1803 1753/1753
f 1754/1754 1804/1804 1753/1753
f 1805/1805 1804/1804 1754/1754
f 1755/1755 1805/1805 1754/1754
f 1806/1806 1805/1805 1755/1755
f 1756/1756 1806/1806 1755/1755
f 1807/1807 1806/1806 1756/1756
f 1757/1757 1807/1807 1756/1756
f 1808/1808 1807/1807 1757/1757
f 1758/1758 1808/1808 1757/1757
f 1809/1809 1808/1808 1758/1758
f 1759/1759 1809/1809 1758/1758
f 1810/1810 1809/1809 1759/1759
f 1760/1760 1810/1810 1759/1759
f 1811/1811 1810/1810 1760/1760
f 1761/1761 1811/1811 1760/1760
f 1812/1812 1811/1811 1761/1761
f 1762/1762 1812/1812 1761/1761
f 1813/1813 1812/1812 1762/1762
f 1763/1763 1813/1813 1762/1762
f 1814/1814 1813/1813 1763/1763
f 1764/1764 1814/1814 1763/1763
f 1815/1815 1814/1814 1764/1764
f 1765/1765 1815/1815 1764/1764
f 1816/1816 1815/1815 1765/1765
f 1766/1766 1816/1816 1765/1765
f 1817/1817 1816/1816 1766/1766
f 1767/1767 1817/1817 1766/1766
f 1818/1818 1817/1817 1767/1767
f 1768/1768 1818/1818 1767/1767
f 1819/1819 1818/1818 1768/1768
f 1769/1769 1819/1819 1768/1768
f 1820/1820 1819/1819 1769/1769
f 1770/1770 1820/1820 1769/1769
f 1821/1821 1820/1820 1770/1770
f 1771/1771 1821/1821 1770/1770
f 1822/1822 1821/1821 1771/1771
f 1772/1772 1822/1822 1771/1771
f 1823/1823 1822/1822 1772/1772
f 1773/1773 1823/1823 1772/1772
f 1824/1824 1823/1823 1773/1773
f 1774/1774 1824/1824 1773/1773
f 1825/1825 1824/1824 1774/1774
f 1775/1775 1825/1825 1774/1774
f 1826/1826 1825/1825 1775/1775
f 1776/1776 1826/1826 1775/1775
f 1827/1827 1826/1826 1776/1776
f 1777/1777 1827/1827 1776/1776
f 1828/1828 1827/1827 1777/1777
f 1778/1778 1828/1828 1777/1777
f 1829/1829 1828/1828 1778/1778
f 1779/1779 1829/1829 1778/1778
f 1830/1830 1829/1829 1779/1779
f 1780/1780 1830/1830 1779/1779
f 1831/1831 1830/1830 1780/1780
f 1781/1781 1831/1831 1780/1780
f 1832/1832 1831/1831 1781/1781
f 1782/1782 1832/1832 1781/1781
f 1833/1833 1832/1832 1782/1782
f 1783/1783 1833/1833 1782/1782
f 1834/1834 1833/1833 1783/1783
f 1784/1784 1834/1834 1783/1783
f 1835/1835 1834/1834 1784/1784
f 1785/1785 1835/1835 1784/1784
f 1836/1836 1835/1835 1785/1785
f 1786/1786 1836/1836 1785/1785
f 1837/1837 1836/1836 1786/1786
f 1787/1787 1837/1837 1786/1786
f 1838/1838 1837/1837 1787/1787
f 1788/1788 1838/1838 1787/1787
f 1839/1839 1838/1838 1788/1788
f 1789/1789 1839/1839 1788/1788
f 1840/1840 1839/1839 1789/1789
f 1790/1790 1840/1840 1789/1789
f 1841/1841 1840/1840 1790/1790
f 1791/1791 1841/1841 1790/1790
f 1842/1842 1841/1841 1791/1791
f 1792/1792 1842/1842 1791/1791
f 1843/1843 1842/1842 1792/1792
f 1793/1793 1843/1843 1792/1792
f 1844/1844 1843/1843 1793/1793
f 1794/1794 1844/1844 1793/1793
f 1845/1845 1844/1844 1794/1794
f 1795/1795 1845/1845 1794/1794
f 1846/1846 1845/1845 1795/1795
f 1796/1796 1846/1846 1795/1795
f 1847/1847 1846/1846 1796/1796
f 1797/1797 1847/1847 1796/1796
f 1848/1848 1847/1847 1797/1797
f 1798/1798 1848/1848 1797/1797
f 1849/1849 1848/1848 1798/1798
f 1799/1799 1849/1849 1798/1798
f 1850/1850 1849/1849 1799/1799
f 1800/1800 1850/1850 1799/1799
f 1852/1852 1851/1851 1801/1801
f 1802/1802 1852/1852 1801/1801
f 1853/1853 1852/1852 1802/1802
f 1803/1803 1853/1853 1802/1802
f 1854/1854 1853/1853 1803/1803
f 1804/1804 1854/1854 1803/1803
f 1855/1855 1854/1854 1804/1804
f 1805/1805 1855/1855 1804/1804
f 1856/1856 1855/1855 1805/1805
f 1806/1806 1856/1856 1805/1805
f 1857/1857 1856/1856 1806/1806
f 1807/1807 1857/1857 1806/1806
f 1858/1858 1857/1857 1807/1807
f 1808/1808 1858/1858 1807/1807
f 1859/1859 1858/1858 1808/1808
f 1809/1809 1859/1859 1808/1808
f 1860/1860 1859/1859 1809/1809
f 1810/1810 1860/1860 1809/1809
f 1861/1861 1860/1860 1810/1810
f 1811/1811 1861/1861 1810/1810
f 1862/1862 1861/1861 1811/1811
f 1812/1812 1862/1862 1811/1811
f 1863/1863 1862/1862 1812/1812
f 1813/1813 1863/1863 1812/1812
f 1864/1864 1863/1863 1813/1813
f 1814/1814 1864/1864 1813/1813
f 1865/1865 1864/1864 1814/1814
f 1815/1815 1865/1865 1814/1814
f 1866/1866 1865/1865 1815/1815
f 1816/1816 1866/1866 1815/1815
f 1867/1867 1866/1866 1816/1816
f 1817/1817 1867/1867 1816/1816
f 1868/1868 1867/1867 1817/1817
f 1818/1818 1868/1868 1817/1817
f 1869/1869 1868/1868 1818/1818
f 1819/1819 1869/1869 1818/1818
f 1870/1870 1869/1869 1819/1819
f 1820/1820 1870/1870 1819/1819
f 1871/1871 1870/1870 1820/1820
f 1821/1821 1871/1871 1820/1820
f 1872/1872 1871/1871 1821/1821
f 1822/1822 1872/1872 1821/1821
f 1873/1873 1872/1872 1822/1822
f 1823/1823 1873/1873 1822/1822
f 1874/1874 1873/1873 1823/1823
f 1824/1824 1874/1874 1823/1823
f 1875/1875 1874/1874 1824/1824
f 1825/1825 1875/1875 1824/1824
f 1876/1876 1875/1875 1825/1825
f 1826/1826 1876/1876 1825/1825
f 1877/1877 1876/1876 1826/1826
f 1827/1827 1877/1877 1826/1826
f 1878/1878 1877/1877 1827/1827
f 1828/1828 1878/1878 1827/1827
f 1879/1879 1878/1878 1828/1828
f 1829/1829 1879/1879 1828/1828
f 1880/1880 1879/1879 1829/1829
f 1830/1830 1880/1880 1829/1829
f 1881/1881 1880/1880 1830/1830
f 1831/1831 1881/1881 1830/1830
f 1882/1882 1881/1881 1831/1831
f 1832/1832 1882/1882 1831/1831
f 1883/1883 1882/1882 1832/1832
f 1833/1833 1883/1883 1832/1832
f 1884/1884 1883/1883 1833/1833
f 1834/1834 1884/1884 1833/1833
f 1885/1885 1884/1884 1834/1834
f 1835/1835 1885/1885 1834/1834
f 1886/1886 1885/1885 1835/1835
f 1836/1836 1886/1886 1835/1835
f 1887/1887 1886/1886 1836/1836
f 1837/1837 1887/1887 1836/1836
f 1888/1888 1887/1887 1837/1837
f 1838/1838 1888/1888 1837/1837
f 1889/1889 1888/1888 1838/1838
f 1839/1839 1889/1889 1838/1838
f 1890/1890 1889/1889 1839/1839
f 1840/1840 1890/1890 1839/1839
f 1891/1891 1890/1890 1840/1840
f 1841/1841 1891/1891 1840/1840
f 1892/1892 1891/1891 1841/1841
f 1842/1842 1892/1892 1841/1841
f 1893/1893 1892/1892 1842/1842
f 1843/1843 1893/1893 1842/1842
f 1894/1894 1893/1893 1843/1843
f 1844/1844 1894/1894 1843/1843
f 1895/1895 1894/1894 1844/1844
f 1845/1845 1895/1895 1844/1844
f 1896/1896 1895/1895 1845/1845
f 1846/1846 1896/1896 1845/1845
f 1897/1897 1896/1896 1846/1846
f 1847/1847 1897/1897 1846/1846
f 1898/1898 1897/1897 1847/1847
f 1848/1848 1898/1898 1847/1847
f 1899/1899 1898/1898 1848/1848
f 1849/1849 1899/1899 1848/1848
f 1900/1900 1899/1899 1849/1849
f 1850/1850 1900/1900 1849/1849
f 1902/1902 1901/1901 1851/1851
f 1852/1852 1902/1902 1851/1851
f 1903/1903 1902/1902 1852/1852
f 1853/1853 1903/1903 1852/1852
f 1904/1904 1903/1903 1853/1853
f 1854/1854 1904/1904 1853/1853
f 1905/1905 1904/1904 1854/1854
f 1855/1855 1905/1905 1854/1854
f 1906/1906 1905/1905 1855/1855
f 1856/1856 1906/1906 1855/1855
f 1907/1907 1906/1906 1856/1856
f 1857/1857 1907/1907 1856/1856
f 1908/1908 1907/1907 1857/1857
f 1858/1858 1908/1908 1857/1857
f 1909/1909 1908/1908 1858/1858
f 1859/1859 1909/1909 1858/1858
f 1910/1910 1909/1909 1859/1859
f 1860/1860 1910/1910 1859/1859
f 1911/1911 1910/1910 1860/1860
f 1861/1861 1911/1911 1860/1860
f 1912/1912 1911/1911 1861/1861
f 1862/1862 1912/1912 1861/1861
f 1913/1913 1912/1912 1862/1862
f 1863/1863 1913/1913 1862/1862
f 1914/1914 1913/1913 1863/1863
f 1864/1864 1914/1914 1863/1863
f 1915/1915 1914/1914 1864/1864
f 1865/1865 1915/1915 1864/1864
f 1916/1916 1915/1915 1865/1865
f 1866/1866 1916/1916 1865/1865
f 1917/1917 1916/1916 1866/1866
f 1867/1867 1917/1917 1866/1866
f 1918/1918 1917/1917 1867/1867
f 1868/1868 1918/1918 1867/1867
f 1919/1919 1918/1918 1868/1868
f 1869/1869 1919/1919 1868/1868
f 1920/1920 1919/1919 1869/1869
f 1870/1870 1920/1920 1869/1869
f 1921/1921 1920/1920 1870/1870
f 1871/1871 1921/1921 1870/1870
f 1922/1922 1921/1921 1871/1871
f 1872/1872 1922/1922 1871/1871
f 1923/1923 1922/1922 1872/1872
f 1873/1873 1923/1923 1872/1872
f 1924/1924 1923/1923 1873/1873
f 1874/1874 1924/1924 1873/1873
f 1925/1925 1924/1924 1874/1874
f 1875/1875 1925/1925 1874/1874
f 1926/1926 1925/1925 1875/1875
f 1876/1876 1926/1926 1875/1875
f 1927/1927 1926/1926 1876/1876
f 1877/1877 1927/1927 1876/1876
f 1928/1928 1927/1927 1877/1877
f 1878/1878 1928/1928 1877/1877
f 1929/1929 1928/1928 1878/1878
f 1879/1879 1929/1929 1878/1878
f 1930/1930 1929/1929 1879/1879
f 1880/1880 1930/1930 1879/1879
f 1931/1931 1930/1930 1880/1880
f 1881/1881 1931/1931 1880/1880
f 1932/1932 1931/1931 1881/1881
f 1882/1882 1932/1932 1881/1881
f 1933/1933 1932/1932 1882/1882
f 1883/1883 1933/1933 1882/1882
f 1934/1934 1933/1933 1883/1883
f 1884/1884 1934/1934 1883/1883
f 1935/1935 1934/1934 1884/1884
f 1885/1885 1935/1935 1884/1884
f 1936/1936 1935/1935 1885/1885
f 1886/1886 1936/1936 1885/1885
f 1937/1937 1936/1936 1886/1886
f 1887/1887 1937/1937 1886/1886
f 1938/1938 1937/1937 1887/1887
f 1888/1888 1938/1938 1887/1887
f 1939/1939 1938/1938 1888/1888
f 1889/1889 1939/1939 1888/1888
f 1940/1940 1939/1939 1889/1889
f 1890/1890 1940/1940 1889/1889
f 1941/1941 1940/1940 1890/1890
f 1891/1891 1941/1941 1890/1890
f 1942/1942 1941/1941 1891/1891
f 1892/1892 1942/1942 1891/1891
f 1943/1943 1942/1942 1892/1892
f 1893/1893 1943/1943 1892/1892
f 1944/1944 1943/1943 1893/1893
f 1894/1894 1944/1944 1893/1893
f 1945/1945 1944/1944 1894/1894
f 1895/1895 1945/1945 1894/1894
f 1946/1946 1945/1945 1895/1895
f 1896/1896 1946/1946 1895/1895
f 1947/1947 1946/1946 1896/1896
f 1897/1897 1947/1947 1896/1896
f 1948/1948 1947/1947 1897/1897
f 1898/1898 1948/1948 1897/1897
f 1949/1949 1948/1948 1898/1898
f 1899/1899 1949/1949 1898/1898
f 1950/1950 1949/1949 1899/1899
f 1900/1900 1950/1950 1899/1899
f 1952/1952 1951/1951 1901/1901
f 1902/1902 1952/1952 1901/1901
f 1953/1953 1952/1952 1902/1902
f 1903/1903 1953/1953 1902/1902
f 1954/1954 1953/1953 1903/1903
f 1904/1904 1954/1954 1903/1903
f 1955/1955 1954/1954 1904/1904
f 1905/1905 1955/1955 1904/1904
f 1956/1956 1955/1955 1905/1905
f 1906/1906 1956/1956 1905/1905
f 1957/1957 1956/1956 1906/1906
f 1907/1907 1957/1957 1906/1906
f 1958/1958 1957/1957 1907/1907
f 1908/1908 1958/1958 1907/1907
f 1959/1959 1958/1958 1908/1908
f 1909/1909 1959/1959 1908/1908
f 1960/1960 1959/1959 1909/1909
f 1910/1910 1960/1960 1909/1909
f 1961/1961 1960/1960 1910/1910
f 1911/1911 1961/1961 1910/1910
f 1962/1962 1961/1961 1911/1911
f 1912/1912 1962/1962 1911/1911
f 1963/1963 1962/1962 1912/1912
f 1913/1913 1963/1963 1912/1912
f 1964/1964 1963/1963 1913/1913
f 1914/1914 1964/1964 1913/1913
f 1965/1965 1964/1964 1914/1914
f 1915/1915 1965/1965 1914/1914
f 1966/1966 1965/1965 1915/1915
f 1916/1916 1966/1966 1915/1915
f 1967/1967 1966/1966 1916/1916
f 1917/1917 1967/1967 1916/1916
f 1968/1968 1967/1967 1917/1917
f 1918/1918 1968/1968 1917/1917
f 1969/1969 1968/1968 1918/1918
f 1919/1919 1969/1969 1918/1918
f 1970/1970 1969/1969 1919/1919
f 1920/1920 1970/1970 1919/1919
f 1971/1971 1970/1970 1920/1920
f 1921/1921 1971/1971 1920/1920
f 1972/1972 1971/1971 1921/1921
f 1922/1922 1972/1972 1921/1921
f 1973/1973 1972/1972 1922/1922
f 1923/1923 1973/1973 1922/1922
f 1974/1974 1973/1973 1923/1923
f 1924/1924 1974/1974 1923/1923
f 1975/1975 1974/1974 1924/1924
f 1925/1925 1975/1975 1924/1924
f 1976/1976 1975/1975 1925/1925
f 1926/1926 1976/1976 1925/1925
f 1977/1977 1976/1976 1926/1926
f 1927/1927 1977/1977 1926/1926
f 1978/1978 1977/1977 1927/1927
f 1928/1928 1978/1978 1927/1927
f 1979/1979 1978/1978 1928/1928
f 1929/1929 1979/1979 1928/1928
f 1980/1980 1979/1979 1929/1929
f 1930/1930 1980/1980 1929/1929
f 1981/1981 1980/1980 1930/1930
f 1931/1931 1981/1981 1930/1930
f 1982/1982 1981/1981 1931/1931
f 1932/1932 1982/1982 1931/1931
f 1983/1983 1982/1982 1932/1932
f 1933/1933 1983/1983 1932/1932
f 1984/1984 1983/1983 1933/1933
f 1934/1934 1984/1984 1933/1933
f 1985/1985 1984/1984 1934/1934
f 1935/1935 1985/1985 1934/1934
f 1986/1986 1985/1985 1935/1935
f 1936/1936 1986/1986 1935/1935
f 1987/1987 1986/1986 1936/1936
f 1937/1937 1987/1987 1936/1936
f 1988/1988 1987/1987 1937/1937
f 1938/1938 1988/1988 1937/1937
f 1989/1989 1988/1988 1938/1938
f 1939/1939 1989/1989 1938/1938
f 1990/1990 1989/1989 1939/1939
f 1940/1940 1990/1990 1939/1939
f 1991/1991 1990/1990 1940/1940
f 1941/1941 1991/1991 1940/1940
f 1992/1992 1991/1991 1941/1941
f 1942/1942 1992/1992 1941/1941
f 1993/1993 1992/1992 1942/1942
f 1943/1943 1993/1993 1942/1942
f 1994/1994 1993/1993 1943/1943
f 1944/1944 1994/1994 1943/1943
f 1995/1995 1994/1994 1944/1944
f 1945/1945 1995/1995 1944/1944
f 1996/1996 1995/1995 1945/1945
f 1946/1946 1996/1996 1945/1945
f 1997/1997 1996/1996 1946/1946
f 1947/1947 1997/1997 1946/1946
f 1998/1998 1997/1997 1947/1947
f 1948/1948 1998/1998 1947/1947
f 1999/1999 1998/1998 1948/1948
f 1949/1949 1999/1999 1948/1948
f 2000/2000 1999/1999 1949/1949
f 1950/1950 2000/2000 1949/1949
f 2002/2002 2001/2001 1951/1951
f 1952/1952 2002/2002 1951/1951
f 2003/2003 2002/2002 1952/1952
f 1953/1953 2003/2003 1952/1952
f 2004/2004 2003/2003 1953/1953
f 1954/1954 2004/2004 1953/1953
f 2005/2005 2004/2004 1954/1954
f 1955/1955 2005/2005 1954/1954
f 2006/2006 2005/2005 1955/1955
f 1956/1956 2006/2006 1955/1955
f 2007/2007 2006/2006 1956/1956
f 1957/1957 2007/2007 1956/1956
f 2008/2008 2007/2007 1957/1957
f 1958/1958 2008/2008 1957/1957
f 2009/2009 2008/2008 1958/1958
f 1959/1959 2009/2009 1958/1958
f 2010/2010 2009/2009 1959/1959
f 1960/1960 2010/2010 1959/1959
f 2011/2011 2010/2010 1960/1960
f 1961/1961 2011/2011 1960/1960
f 2012/2012 2011/2011 1961/1961
f 1962/1962 2012/2012 1961/1961
f 2013/2013 2012/2012 1962/1962
f 1963/1963 2013/2013 1962/1962
f 2014/2014 2013/2013 1963/1963
f 1964/1964 2014/2014 1963/1963
f 2015/2015 2014/2014 1964/1964
f 1965/1965 2015/2015 1964/1964
f 2016/2016 2015/2015 1965/1965
f 1966/1966 2016/2016 1965/1965
f 2017/2017 2016/2016 1966/1966
f 1967/1967 2017/2017 1966/1966
f 2018/2018 2017/2017 1967/1967
f 1968/1968 2018/2018 1967/1967
f 2019/2019 2018/2018 1968/1968
f 1969/1969 2019/2019 1968/1968
f 2020/2020 2019/2019 1969/1969
f 1970/1970 2020/2020 1969/1969
f 2021/2021 2020/2020 1970/1970
f 1971/1971 2021/2021 1970/1970
f 2022/2022 2021/2021 1971/1971
f 1972/1972 2022/2022 1971/1971
f 2023/2023 2022/2022 1972/1972
f 1973/1973 2023/2023 1972/1972
f 2024/2024 2023/2023 1973/1973
f 1974/1974 2024/2024 1973/1973
f 2025/2025 2024/2024 1974/1974
f 1975/1975 2025/2025 1974/1974
f 2026/2026 2025/2025 1975/1975
f 1976/1976 2026/2026 1975/1975
f 2027/2027 2026/2026 1976/1976
f 1977/1977 2027/2027 1976/1976
f 2028/2028 2027/2027 1977/1977
f 1978/1978 2028/2028 1977/1977
f 2029/2029 2028/2028 1978/1978
f 1979/1979 2029/2029 1978/1978
f 2030/2030 2029/2029 1979/1979
f 1980/1980 2030/2030 1979/1979
f 2031/2031 2030/2030 1980/1980
f 1981/1981 2031/2031 1980/1980
f 2032/2032 2031/2031 1981/1981
f 1982/1982 2032/2032 1981/1981
f 2033/2033 2032/2032 1982/1982
f 1983/1983 2033/2033 1982/1982
f 2034/2034 2033/2033 1983/1983
f 1984/1984 2034/2034 1983/1983
f 2035/2035 2034/2034 1984/1984
f 1985/1985 2035/2035 1984/1984
f 2036/2036 2035/2035 1985/1985
f 1986/1986 2036/2036 1985/1985
f 2037/2037 2036/2036 1986/1986
f 1987/1987 2037/2037 1986/1986
f 2038/2038 2037/2037 1987/1987
f 1988/1988 2038/2038 1987/1987
f 2039/2039 2038/2038 1988/1988
f 1989/1989 2039/2039 1988/1988
f 2040/2040 2039/2039 1989/1989
f 1990/1990 2040/2040 1989/1989
f 2041/2041 2040/2040 1990/1990
f 1991/1991 2041/2041 1990/1990
f 2042/2042 2041/2041 1991/1991
f 1992/1992 2042/2042 1991/1991
f 2043/2043 2042/2042 1992/1992
f 1993/1993 2043/2043 1992/1992
f 2044/2044 2043/2043 1993/1993
f 1994/1994 2044/2044 1993/1993
f 2045/2045 2044/2044 1994/1994
f 1995/1995 2045/2045 1994/1994
f 2046/2046 2045/2045 1995/1995
f 1996/1996 2046/2046 1995/1995
f 2047/2047 2046/2046 1996/1996
f 1997/1997 2047/2047 1996/1996
f 2048/2048 2047/2047 1997/1997
f 1998/1998 2048/2048 1997/1997
f 2049/2049 2048/2048 1998/1998
f 1999/1999 2049/2049 1998/1998
f 2050/2050 2049/2049 1999/1999
f 2000/2000 2050/2050 1999/1999
f 2052/2052 2051/2051 2001/2001
f 2002/2002 2052/2052 2001/2001
f 2053/2053 2052/2052 2002/2002
f 2003/2003 2053/2053 2002/2002
f 2054/2054 2053/2053 2003/2003
f 2004/2004 2054/2054 2003/2003
f 2055/2055 2054/2054 2004/2004
f 2005/2005 2055/2055 2004/2004
f 2056/2056 2055/2055 2005/2005
f 2006/2006 2056/2056 2005/2005
f 2057/2057 2056/2056 2006/2006
f 2007/2007 2057/2057 2006/2006
f 2058/2058 2057/2057 2007/2007
f 2008/2008 2058/2058 2007/2007
f 2059/2059 2058/2058 2008/2008
f 2009/2009 2059/2059 2008/2008
f 2060/2060 2059/2059 2009/2009
f 2010/2010 2060/2060 2009/2009
f 2061/2061 2060/2060 2010/2010
f 2011/2011 2061/2061 2010/2010
f 2062/2062 2061/2061 2011/2011
f 2012/2012 2062/2062 2011/2011
f 2063/2063 2062/2062 2012/2012
f 2013/2013 2063/2063 2012/2012
f 2064/2064 2063/2063 2013/2013
f 2014/2014 2064/2064 2013/2013
f 2065/2065 2064/2064 2014/2014
f 2015/2015 2065/2065 2014/2014
f 2066/2066 2065/2065 2015/2015
f 2016/2016 2066/2066 2015/2015
f 2067/2067 2066/2066 2016/2016
f 2017/2017 2067/2067 2016/2016
f 2068/2068 2067/2067 2017/2017
f 2018/2018 2068/2068 2017/2017
f 2069/2069 2068/2068 2018/2018
f 2019/2019 2069/2069 2018/2018
f 2070/2070 2069/2069 2019/2019
f 2020/2020 2070/2070 2019/2019
f 2071/2071 2070/2070 2020/2020
f 2021/2021 2071/2071 2020/2020
f 2072/2072 2071/2071 2021/2021
f 2022/2022 2072/2072 2021/2021
f 2073/2073 2072/2072 2022/2022
f 2023/2023 2073/2073 2022/2022
f 2074/2074 2073/2073 2023/2023
f 2024/2024 2074/2074 2023/2023
f 2075/2075 2074/2074 2024/2024
f 2025/2025 2075/2075 2024/2024
f 2076/2076 2075/2075 2025/2025
f 2026/2026 2076/2076 2025/2025
f 2077/2077 2076/2076 2026/2026
f 2027/2027 2077/2077 2026/2026
f 2078/2078 2077/2077 2027/2027
f 2028/2028 2078/2078 2027/2027
f 2079/2079 2078/2078 2028/2028
f 2029/2029 2079/2079 2028/2028
f 2080/2080 2079/2079 2029/2029
f 2030/2030 2080/2080 2029/2029
f 2081/2081 2080/2080 2030/2030
f 2031/2031 2081/2081 2030/2030
f 2082/2082 2081/2081 2031/2031
f 2032/2032 2082/2082 2031/2031
f 2083/2083 2082/2082 2032/2032
f 2033/2033 2083/2083 2032/2032
f 2084/2084 2083/2083 2033/2033
f 2034/2034 2084/2084 2033/2033
f 2085/2085 2084/2084 2034/2034
f 2035/2035 2085/2085 2034/2034
f 2086/2086 2085/2085 2035/2035
f 2036/2036 2086/2086 2035/2035
f 2087/2087 2086/2086 2036/2036
f 2037/2037 2087/2087 2036/2036
f 2088/2088 2087/2087 2037/2037
f 2038/2038 2088/2088 2037/2037
f 2089/2089 2088/2088 2038/2038
f 2039/2039 2089/2089 2038/2038
f 2090/2090 2089/2089 2039/2039
f 2040/2040 2090/2090 2039/2039
f 2091/2091 2090/2090 2040/2040
f 2041/2041 2091/2091 2040/2040
f 2092/2092 2091/2091 2041/2041
f 2042/2042 2092/2092 2041/2041
f 2093/2093 2092/2092 2042/2042
f 2043/2043 2093/2093 2042/2042
f 2094/2094 2093/2093 2043/2043
f 2044/2044 2094/2094 2043/2043
f 2095/2095 2094/2094 2044/2044
f 2045/2045 2095/2095 2044/2044
f 2096/2096 2095/2095 2045/2045
f 2046/2046 2096/2096 2045/2045
f 2097/2097 2096/2096 2046/2046
f 2047/2047 2097/2097 2046/2046
f 2098/2098 2097/2097 2047/2047
f 2048/2048 2098/2098 2047/2047
f 2099/2099 2098/2098 2048/2048
f 2049/2049 2099/2099 2048/2048
f 2100/2100 2099/2099 2049/2049
f 2050/2050 2100/2100 2049/2049
f 2102/2102 2101/2101 2051/2051
f 2052/2052 2102/2102 2051/2051
f 2103/2103 2102/2102 2052/2052
f 2053/2053 2103/2103 2052/2052
f 2104/2104 2103/2103 2053/2053
f 2054/2054 2104/2104 2053/2053
f 2105/2105 2104/2104 2054/2054
f 2055/2055 2105/2105 2054/2054
f 2106/2106 2105/2105 2055/2055
f 2056/2056 2106/2106 2055/2055
f 2107/2107 2106/2106 2056/2056
f 2057/2057 2107/2107 2056/2056
f 2108/2108 2107/2107 2057/2057
f 2058/2058 2108/2108 2057/2057
f 2109/2109 2108/2108 2058/2058
f 2059/2059 2109/2109 2058/2058
f 2110/2110 2109/2109 2059/2059
f 2060/2060 2110/2110 2059/2059
f 2111/2111 2110/2110 2060/2060
f 2061/2061 2111/2111 2060/2060
f 2112/2112 2111/2111 2061/2061
f 2062/2062 2112/2112 2061/2061
f 2113/2113 2112/2112 2062/2062
f 2063/2063 2113/2113 2062/2062
f 2114/2114 2113/2113 2063/2063
f 2064/2064 2114/2114 2063/2063
f 2115/2115 2114/2114 2064/2064
f 2065/2065 2115/2115 2064/2064
f 2116/2116 2115/2115 2065/2065
f 2066/2066 2116/2116 2065/2065
f 2117/2117 2116/2116 2066/2066
f 2067/2067 2117/2117 2066/2066
f 2118/2118 2117/2117 2067/2067
f 2068/2068 2118/2118 2067/2067
f 2119/2119 2118/2118 2068/2068
f 2069/2069 2119/2119 2068/2068
f 2120/2120 2119/2119 2069/2069
f 2070/2070 2120/2120 2069/2069
f 2121/2121 2120/2120 2070/2070
f 2071/2071 2121/2121 2070/2070
f 2122/2122 2121/2121 2071/2071
f 2072/2072 2122/2122 2071/2071
f 2123/2123 2122/2122 2072/2072
f 2073/2073 2123/2123 2072/2072
f 2124/2124 2123/2123 2073/2073
f 2074/2074 2124/2124 2073/2073
f 2125/2125 2124/2124 2074/2074
f 2075/2075 2125/2125 2074/2074
f 2126/2126 2125/2125 2075/2075
f 2076/2076 2126/2126 2075/2075
f 2127/2127 2126/2126 2076/2076
f 2077/2077 2127/2127 2076/2076
f 2128/2128 2127/2127 2077/2077
f 2078/2078 2128/2128 2077/2077
f 2129/2129 2128/2128 2078/2078
f 2079/2079 2129/2129 2078/2078
f 2130/2130 2129/2129 2079/2079
f 2080/2080 2130/2130 2079/2079
f 2131/2131 2130/2130 2080/2080
f 2081/2081 2131/2131 2080/2080
f 2132/2132 2131/2131 2081/2081
f 2082/2082 2132/2132 2081/2081
f 2133/2133 2132/2132 2082/2082
f 2083/2083 2133/2133 2082/2082
f 2134/2134 2133/2133 2083/2083
f 2084/2084 2134/2134 2083/2083
f 2135/2135 2134/2134 2084/2084
f 2085/2085 2135/2135 2084/2084
f 2136/2136 2135/2135 2085/2085
f 2086/2086 2136/2136 2085/2085
f 2137/2137 2136/2136 2086/2086
f 2087/2087 2137/2137 2086/2086
f 2138/2138 2137/2137 2087/2087
f 2088/2088 2138/2138 2087/2087
f 2139/2139 2138/2138 2088/2088
f 2089/2089 2139/2139 2088/2088
f 2140/2140 2139/2139 2089/2089
f 2090/2090 2140/2140 2089/2089
f 2141/2141 2140/2140 2090/2090
f 2091/2091 2141/2141 2090/2090
f 2142/2142 2141/2141 2091/2091
f 2092/2092 2142/2142 2091/2091
f 2143/2143 2142/2142 2092/2092
f 2093/2093 2143/2143 2092/2092
f 2144/2144 2143/2143 2093/2093
f 2094/2094 2144/2144 2093/2093
f 2145/2145 2144/2144 2094/2094
f 2095/2095 2145/2145 2094/2094
f 2146/2146 2145/2145 2095/2095
f 2096/2096 2146/2146 2095/2095
f 2147/2147 2146/2146 2096/2096
f 2097/2097 2147/2147 2096/2096
f 2148/2148 2147/2147 2097/2097
f 2098/2098 2148/2148 2097/2097
f 2149/2149 2148/2148 2098/2098
f 2099/2099 2149/2149 2098/2098
f 2150/2150 2149/2149 2099/2099
f 2100/2100 2150/2150 2099/2099
f 2152/2152 2151/2151 2101/2101
f 2102/2102 2152/2152 2101/2101
f 2153/2153 2152/2152 2102/2102
f 2103/2103 2153/2153 2102/2102
f 2154/2154 2153/2153 2103/2103
f 2104/2104 2154/2154 2103/2103
f 2155/2155 2154/2154 2104/2104
f 2105/2105 2155/2155 2104/2104
f 2156/2156 2155/2155 2105/2105
f 2106/2106 2156/2156 2105/2105
f 2157/2157 2156/2156 2106/2106
f 2107/2107 2157/2157 2106/2106
f 2158/2158 2157/2157 2107/2107
f 2108/2108 2158/2158 2107/2107
f 2159/2159 2158/2158 2108/2108
f 2109/2109 2159/2159 2108/2108
f 2160/2160 2159/2159 2109/2109
f 2110/2110 2160/2160 2109/2109
f 2161/2161 2160/2160 2110/2110
f 2111/2111 2161/2161 2110/2110
f 2162/2162 2161/2161 2111/2111
f 2112/2112 2162/2162 2111/2111
f 2163/2163 2162/2162 2112/2112
f 2113/2113 2163/2163 2112/2112
f 2164/2164 2163/2163 2113/2113
f 2114/2114 2164/2164 2113/2113
f 2165/2165 2164/2164 2114/2114
f 2115/2115 2165/2165 2114/2114
f 2166/2166 2165/2165 2115/2115
f 2116/2116 2166/2166 2115/2115
f 2167/2167 2166/2166 2116/2116
f 2117/2117 2167/2167 2116/2116
f 2168/2168 2167/2167 2117/2117
f 2118/2118 2168/2168 2117/2117
f 2169/2169 2168/2168 2118/2118
f 2119/2119 2169/2169 2118/2118
f 2170/2170 2169/2169 2119/2119
f 2120/2120 2170/2170 2119/2119
f 2171/2171 2170/2170 2120/2120
f 2121/2121 2171/2171 2120/2120
f 2172/2172 2171/2171 2121/2121
f 2122/2122 2172/2172 2121/2121
f 2173/2173 2172/2172 2122/2122
f 2123/2123 2173/2173 2122/2122
f 2174/2174 2173/2173 2123/2123
f 2124/2124 2174/2174 2123/2123
f 2175/2175 2174/2174 2124/2124
f 2125/2125 2175/2175 2124/2124
f 2176/2176 2175/2175 2125/2125
f 2126/2126 2176/2176 2125/2125
f 2177/2177 2176/2176 2126/2126
f 2127/2127 2177/2177 2126/2126
f 2178/2178 2177/2177 2127/2127
f 2128/2128 2178/2178 2127/2127
f 2179/2179 2178/2178 2128/2128
f 2129/2129 2179/2179 2128/2128
f 2180/2180 2179/2179 2129/2129
f 2130/2130 2180/2180 2129/2129
f 2181/2181 2180/2180 2130/2130
f 2131/2131 2181/2181 2130/2130
f 2182/2182 2181/2181 2131/2131
f 2132/2132 2182/2182 2131/2131
f 2183/2183 2182/2182 2132/2132
f 2133/2133 2183/2183 2132/2132
f 2184/2184 2183/2183 2133/2133
f 2134/2134 2184/2184 2133/2133
f 2185/2185 2184/2184 2134/2134
f 2135/2135 2185/2185 2134/2134
f 2186/2186 2185/2185 2135/2135
f 2136/2136 2186/2186 2135/2135
f 2187/2187 2186/2186 2136/2136
f 2137/2137 2187/2187 2136/2136
f 2188/2188 2187/2187 2137/2137
f 2138/2138 2188/2188 2137/2137
f 2189/2189 2188/2188 2138/2138
f 2139/2139 2189/2189 2138/2138
f 2190/2190 2189/2189 2139/2139
f 2140/2140 2190/2190 2139/2139
f 2191/2191 2190/2190 2140/2140
f 2141/2141 2191/2191 2140/2140
f 2192/2192 2191/2191 2141/2141
f 2142/2142 2192/2192 2141/2141
f 2193/2193 2192/2192 2142/2142
f 2143/2143 2193/2193 2142/2142
f 2194/2194 2193/2193 2143/2143
f 2144/2144 2194/2194 2143/2143
f 2195/2195 2194/2194 2144/2144
f 2145/2145 2195/2195 2144/2144
f 2196/2196 2195/2195 2145/2145
f 2146/2146 2196/2196 2145/2145
f 2197/2197 2196/2196 2146/2146
f 2147/2147 2197/2197 2146/2146
f 2198/2198 2197/2197 2147/2147
f 2148/2148 2198/2198 2147/2147
f 2199/2199 2198/2198 2148/2148
f 2149/2149 2199/2199 2148/2148
f 2200/2200 2199/2199 2149/2149
f 2150/2150 2200/2200 2149/2149
f 2202/2202 2201/2201 2151/2151
f 2152/2152 2202/2202 2151/2151
f 2203/2203 2202/2202 2152/2152
f 2153/2153 2203/2203 2152/2152
f 2204/2204 2203/2203 2153/2153
f 2154/2154 2204/2204 2153/2153
f 2205/2205 2204/2204 2154/2154
f 2155/2155 2205/2205 2154/2154
f 2206/2206 2205/2205 2155/2155
f 2156/2156 2206/2206 2155/2155
f 2207/2207 2206/2206 2156/2156
f 2157/2157 2207/2207 2156/2156
f 2208/2208 2207/2207 2157/2157
f 2158/2158 2208/2208 2157/2157
f 2209/2209 2208/2208 2158/2158
f 2159/2159 2209/2209 2158/2158
f 2210/2210 2209/2209 2159/2159
f 2160/2160 2210/2210 2159/2159
f 2211/2211 2210/2210 2160/2160
f 2161/2161 2211/2211 2160/2160
f 2212/2212 2211/2211 2161/2161
f 2162/2162 2212/2212 2161/2161
f 2213/2213 2212/2212 2162/2162
f 2163/2163 2213/2213 2162/2162
f 2214/2214 2213/2213 2163/2163
f 2164/2164 2214/2214 2163/2163
f 2215/2215 2214/2214 2164/2164
f 2165/2165 2215/2215 2164/2164
f 2216/2216 2215/2215 2165/2165
f 2166/2166 2216/2216 2165/2165
f 2217/2217 2216/2216 2166/2166
f 2167/2167 2217/2217 2166/2166
f 2218/2218 2217/2217 2167/2167
f 2168/2168 2218/2218 2167/2167
f 2219/2219 2218/2218 2168/2168
f 2169/2169 2219/2219 2168/2168
f 2220/2220 2219/2219 2169/2169
f 2170/2170 2220/2220 2169/2169
f 2221/2221 2220/2220 2170/2170
f 2171/2171 2221/2221 2170/2170
f 2222/2222 2221/2221 2171/2171
f 2172/2172 2222/2222 2171/2171
f 2223/2223 2222/2222 2172/2172
f 2173/2173 2223/2223 2172/2172
f 2224/2224 2223/2223 2173/2173
f 2174/2174 2224/2224 2173/2173
f 2225/2225 2224/2224 2174/2174
f 2175/2175 2225/2225 2174/2174
f 2226/2226 2225/2225 2175/2175
f 2176/2176 2226/2226 2175/2175
f 2227/2227 2226/2226 2176/2176
f 2177/2177 2227/2227 2176/2176
f 2228/2228 2227/2227 2177/2177
f 2178/2178 2228/2228 2177/2177
f 2229/2229 2228/2228 2178/2178
f 2179/2179 2229/2229 2178/2178
f 2230/2230 2229/2229 2179/2179
f 2180/2180 2230/2230 2179/2179
f 2231/2231 2230/2230 2180/2180
f 2181/2181 2231/2231 2180/2180
f 2232/2232 2231/2231 2181/2181
f 2182/2182 2232/2232 2181/2181
f 2233/2233 2232/2232 2182/2182
f 2183/2183 2233/2233 2182/2182
f 2234/2234 2233/2233 2183/2183
f 2184/2184 2234/2234 2183/2183
f 2235/2235 2234/2234 2184/2184
f 2185/2185 2235/2235 2184/2184
f 2236/2236 2235/2235 2185/2185
f 2186/2186 2236/2236 2185/2185
f 2237/2237 2236/2236 2186/2186
f 2187/2187 2237/2237 2186/2186
f 2238/2238 2237/2237 2187/2187
f 2188/2188 2238/2238 2187/2187
f 2239/2239 2238/2238 2188/2188
f 2189/2189 2239/2239 2188/2188
f 2240/2240 2239/2239 2189/2189
f 2190/2190 2240/2240 2189/2189
f 2241/2241 2240/2240 2190/2190
f 2191/2191 2241/2241 2190/2190
f 2242/2242 2241/2241 2191/2191
f 2192/2192 2242/2242 2191/2191
f 2243/2243 2242/2242 2192/2192
f 2193/2193 2243/2243 2192/2192
f 2244/2244 2243/2243 2193/2193
f 2194/2194 2244/2244 2193/2193
f 2245/2245 2244/2244 2194/2194
f 2195/2195 2245/2245 2194/2194
f 2246/2246 2245/2245 2195/2195
f 2196/2196 2246/2246 2195/2195
f 2247/2247 2246/2246 2196/2196
f 2197/2197 2247/2247 2196/2196
f 2248/2248 2247/2247 2197/2197
f 2198/2198 2248/2248 2197/2197
f 2249/2249 2248/2248 2198/2198
f 2199/2199 2249/2249 2198/2198
f 2250/2250 2249/2249 2199/2199
f 2200/2200 2250/2250 2199/2199
f 2252/2252 2251/2251 2201/2201
f 2202/2202 2252/2252 2201/2201
f 2253/2253 2252/2252 2202/2202
f 2203/2203 2253/2253 2202/2202
f 2254/2254 2253/2253 2203/2203
f 2204/2204 2254/2254 2203/2203
f 2255/2255 2254/2254 2204/2204
f 2205/2205 2255/2255 2204/2204
f 2256/2256 2255/2255 2205/2205
f 2206/2206 2256/2256 2205/2205
f 2257/2257 2256/2256 2206/2206
f 2207/2207 2257/2257 2206/2206
f 2258/2258 2257/2257 2207/2207
f 2208/2208 2258/2258 2207/2207
f 2259/2259 2258/2258 2208/2208
f 2209/2209 2259/2259 2208/2208
f 2260/2260 2259/2259 2209/2209
f 2210/2210 2260/2260 2209/2209
f 2261/2261 2260/2260 2210/2210
f 2211/2211 2261/2261 2210/2210
f 2262/2262 2261/2261 2211/2211
f 2212/2212 2262/2262 2211/2211
f 2263/2263 2262/2262 2212/2212
f 2213/2213 2263/2263 2212/2212
f 2264/2264 2263/2263 2213/2213
f 2214/2214 2264/2264 2213/2213
f 2265/2265 2264/2264 2214/2214
f 2215/2215 2265/2265 2214/2214
f 2266/2266 2265/2265 2215/2215
f 2216/2216 2266/2266 2215/2215
f 2267/2267 2266/2266 2216/2216
f 2217/2217 2267/2267 2216/2216
f 2268/2268 2267/2267 2217/2217
f 2218/2218 2268/2268 2217/2217
f 2269/2269 2268/2268 2218/2218
f 2219/2219 2269/2269 2218/2218
f 2270/2270 2269/2269 2219/2219
f 2220/2220 2270/2270 2219/2219
f 2271/2271 2270/2270 2220/2220
f 2221/2221 2271/2271 2220/2220
f 2272/2272 2271/2271 2221/2221
f 2222/2222 2272/2272 2221/2221
f 2273/2273 2272/2272 2222/2222
f 2223/2223 2273/2273 2222/2222
f 2274/2274 2273/2273 2223/2223
f 2224/2224 2274/2274 2223/2223
f 2275/2275 2274/2274 2224/2224
f 2225/2225 2275/2275 2224/2224
f 2276/2276 2275/2275 2225/2225
f 2226/2226 2276/2276 2225/2225
f 2277/2277 2276/2276 2226/2226
f 2227/2227 2277/2277 2226/2226
f 2278/2278 2277/2277 2227/2227
f 2228/2228 2278/2278 2227/2227
f 2279/2279 2278/2278 2228/2228
f 2229/2229 2279/2279 2228/2228
f 2280/2280 2279/2279 2229/2229
f 2230/2230 2280/2280 2229/2229
f 2281/2281 2280/2280 2230/2230
f 2231/2231 2281/2281 2230/2230
f 2282/2282 2281/2281 2231/2231
f 2232/2232 2282/2282 2231/2231
f 2283/2283 2282/2282 2232/2232
f 2233/2233 2283/2283 2232/2232
f 2284/2284 2283/2283 2233/2233
f 2234/2234 2284/2284 2233/2233
f 2285/2285 2284/2284 2234/2234
f 2235/2235 2285/2285 2234/2234
f 2286/2286 2285/2285 2235/2235
f 2236/2236 2286/2286 2235/2235
f 2287/2287 2286/2286 2236/2236
f 2237/2237 2287/2287 2236/2236
f 2288/2288 2287/2287 2237/2237
f 2238/2238 2288/2288 2237/2237
f 2289/2289 2288/2288 2238/2238
f 2239/2239 2289/2289 2238/2238
f 2290/2290 2289/2289 2239/2239
f 2240/2240 2290/2290 2239/2239
f 2291/2291 2290/2290 2240/2240
f 2241/2241 2291/2291 2240/2240
f 2292/2292 2291/2291 2241/2241
f 2242/2242 2292/2292 2241/2241
f 2293/2293 2292/2292 2242/2242
f 2243/2243 2293/2293 2242/2242
f 2294/2294 2293/2293 2243/2243
f 2244/2244 2294/2294 2243/2243
f 2295/2295 2294/2294 2244/2244
f 2245/2245 2295/2295 2244/2244
f 2296/2296 2295/2295 2245/2245
f 2246/2246 2296/2296 2245/2245
f 2297/2297 2296/2296 2246/2246
f 2247/2247 2297/2297 2246/2246
f 2298/2298 2297/2297 2247/2247
f 2248/2248 2298/2298 2247/2247
f 2299/2299 2298/2298 2248/2248
f 2249/2249 2299/2299 2248/2248
f 2300/2300 2299/2299 2249/2249
f 2250/2250 2300/2300 2249/2249
f 2302/2302 2301/2301 2251/2251
f 2252/2252 2302/2302 2251/2251
f 2303/2303 2302/2302 2252/2252
f 2253/2253 2303/2303 2252/2252
f 2304/2304 2303/2303 2253/2253
f 2254/2254 2304/2304 2253/2253
f 2305/2305 2304/2304 2254/2254
f 2255/2255 2305/2305 2254/2254
f 2306/2306 2305/2305 2255/2255
f 2256/2256 2306/2306 2255/2255
f 2307/2307 2306/2306 2256/2256
f 2257/2257 2307/2307 2256/2256
f 2308/2308 2307/2307 2257/2257
f 2258/2258 2308/2308 2257/2257
f 2309/2309 2308/2308 2258/2258
f 2259/2259 2309/2309 2258/2258
f 2310/2310 2309/2309 2259/2259
f 2260/2260 2310/2310 2259/2259
f 2311/2311 2310/2310 2260/2260
f 2261/2261 2311/2311 2260/2260
f 2312/2312 2311/2311 2261/2261
f 2262/2262 2312/2312 2261/2261
f 2313/2313 2312/2312 2262/2262
f 2263/2263 2313/2313 2262/2262
f 2314/2314 2313/2313 2263/2263
f 2264/2264 2314/2314 2263/2263
f 2315/2315 2314/2314 2264/2264
f 2265/2265 2315/2315 2264/2264
f 2316/2316 2315/2315 2265/2265
f 2266/2266 2316/2316 2265/2265
f 2317/2317 2316/2316 2266/2266
f 2267/2267 2317/2317 2266/2266
f 2318/2318 2317/2317 2267/2267
f 2268/2268 2318/2318 2267/2267
f 2319/2319 2318/2318 2268/2268
f 2269/2269 2319/2319 2268/2268
f 2320/2320 2319/2319 2269/2269
f 2270/2270 2320/2320 2269/2269
f 2321/2321 2320/2320 2270/2270
f 2271/2271 2321/2321 2270/2270
f 2322/2322 2321/2321 2271/2271
f 2272/2272 2322/2322 2271/2271
f 2323/2323 2322/2322 2272/2272
f 2273/2273 2323/2323 2272/2272
f 2324/2324 2323/2323 2273/2273
f 2274/2274 2324/2324 2273/2273
f 2325/2325 2324/2324 2274/2274
f 2275/2275 2325/2325 2274/2274
f 2326/2326 2325/2325 2275/2275
f 2276/2276 2326/2326 2275/2275
f 2327/2327 2326/2326 2276/2276
f 2277/2277 2327/2327 2276/2276
f 2328/2328 2327/2327 2277/2277
f 2278/2278 2328/2328 2277/2277
f 2329/2329 2328/2328 2278/2278
f 2279/2279 2329/2329 2278/2278
f 2330/2330 2329/2329 2279/2279
f 2280/2280 2330/2330 2279/2279
f 2331/2331 2330/2330 2280/2280
f 2281/2281 2331/2331 2280/2280
f 2332/2332 2331/2331 2281/2281
f 2282/2282 2332/2332 2281/2281
f 2333/2333 2332/2332 2282/2282
f 2283/2283 2333/2333 2282/2282
f 2334/2334 2333/2333 2283/2283
f 2284/2284 2334/2334 2283/2283
f 2335/2335 2334/2334 2284/2284
f 2285/2285 2335/2335 2284/2284
f 2336/2336 2335/2335 2285/2285
f 2286/2286 2336/2336 2285/2285
f 2337/2337 2336/2336 2286/2286
f 2287/2287 2337/2337 2286/2286
f 2338/2338 2337/2337 2287/2287
f 2288/2288 2338/2338 2287/2287
f 2339/2339 2338/2338 2288/2288
f 2289/2289 2339/2339 2288/2288
f 2340/2340 2339/2339 2289/2289
f 2290/2290 2340/2340 2289/2289
f 2341/2341 2340/2340 2290/2290
f 2291/2291 2341/2341 2290/2290
f 2342/2342 2341/2341 2291/2291
f 2292/2292 2342/2342 2291/2291
f 2343/2343 2342/2342 2292/2292
f 2293/2293 2343/2343 2292/2292
f 2344/2344 2343/2343 2293/2293
f 2294/2294 2344/2344 2293/2293
f 2345/2345 2344/2344 2294/2294
f 2295/2295 2345/2345 2294/2294
f 2346/2346 2345/2345 2295/2295
f 2296/2296 2346/2346 2295/2295
f 2347/2347 2346/2346 2296/2296
f 2297/2297 2347/2347 2296/2296
f 2348/2348 2347/2347 2297/2297
f 2298/2298 2348/2348 2297/2297
f 2349/2349 2348/2348 2298/2298
f 2299/2299 2349/2349 2298/2298
f 2350/2350 2349/2349 2299/2299
f 2300/2300 2350/2350 2299/2299
f 2352/2352 2351/2351 2301/2301
f 2302/2302 2352/2352 2301/2301
f 2353/2353 2352/2352 2302/2302
f 2303/2303 2353/2353 2302/2302
f 2354/2354 2353/2353 2303/2303
f 2304/2304 2354/2354 2303/2303
f 2355/2355 2354/2354 2304/2304
f 2305/2305 2355/2355 2304/2304
f 2356/2356 2355/2355 2305/2305
f 2306/2306 2356/2356 2305/2305
f 2357/2357 2356/2356 2306/2306
f 2307/2307 2357/2357 2306/2306
f 2358/2358 2357/2357 2307/2307
f 2308/2308 2358/2358 2307/2307
f 2359/2359 2358/2358 2308/2308
f 2309/2309 2359/2359 2308/2308
f 2360/2360 2359/2359 2309/2309
f 2310/2310 2360/2360 2309/2309
f 2361/2361 2360/2360 2310/2310
f 2311/2311 2361/2361 2310/2310
f 2362/2362 2361/2361 2311/2311
f 2312/2312 2362/2362 2311/2311
f 2363/2363 2362/2362 2312/2312
f 2313/2313 2363/2363 2312/2312
f 2364/2364 2363/2363 2313/2313
f 2314/2314 2364/2364 2313/2313
f 2365/2365 2364/2364 2314/2314
f 2315/2315 2365/2365 2314/2314
f 2366/2366 2365/2365 2315/2315
f 2316/2316 2366/2366 2315/2315
f 2367/2367 2366/2366 2316/2316
f 2317/2317 2367/2367 2316/2316
f 2368/2368 2367/2367 2317/2317
f 2318/2318 2368/2368 2317/2317
f 2369/2369 2368/2368 2318/2318
f 2319/2319 2369/2369 2318/2318
f 2370/2370 2369/2369 2319/2319
f 2320/2320 2370/2370 2319/2319
f 2371/2371 2370/2370 2320/2320
f 2321/2321 2371/2371 2320/2320
f 2372/2372 2371/2371 2321/2321
f 2322/2322 2372/2372 2321/2321
f 2373/2373 2372/2372 2322/2322
f 2323/2323 2373/2373 2322/2322
f 2374/2374 2373/2373 2323/2323
f 2324/2324 2374/2374 2323/2323
f 2375/2375 2374/2374 2324/2324
f 2325/2325 2375/2375 2324/2324
f 2376/2376 2375/2375 2325/2325
f 2326/2326 2376/2376 2325/2325
f 2377/2377 2376/2376 2326/2326
f 2327/2327 2377/2377 2326/2326
f 2378/2378 2377/2377 2327/2327
f 2328/2328 2378/2378 2327/2327
f 2379/2379 2378/2378 2328/2328
f 2329/2329 2379/2379 2328/2328
f 2380/2380 2379/2379 2329/2329
f 2330/2330 2380/2380 2329/2329
f 2381/2381 2380/2380 2330/2330
f 2331/2331 2381/2381 2330/2330
f 2382/2382 2381/2381 2331/2331
f 2332/2332 2382/2382 2331/2331
f 2383/2383 2382/2382 2332/2332
f 2333/2333 2383/2383 2332/2332
f 2384/2384 2383/2383 2333/2333
f 2334/2334 2384/2384 2333/2333
f 2385/2385 2384/2384 2334/2334
f 2335/2335 2385/2385 2334/2334
f 2386/2386 2385/2385 2335/2335
f 2336/2336 2386/2386 2335/2335
f 2387/2387 2386/2386 2336/2336
f 2337/2337 2387/2387 2336/2336
f 2388/2388 2387/2387 2337/2337
f 2338/2338 2388/2388 2337/2337
f 2389/2389 2388/2388 2338/2338
f 2339/2339 2389/2389 2338/2338
f 2390/2390 2389/2389 2339/2339
f 2340/2340 2390/2390 2339/2339
f 2391/2391 2390/2390 2340/2340
f 2341/2341 2391/2391 2340/2340
f 2392/2392 2391/2391 2341/2341
f 2342/2342 2392/2392 2341/2341
f 2393/2393 2392/2392 2342/2342
f 2343/2343 2393/2393 2342/2342
f 2394/2394 2393/2393 2343/2343
f 2344/2344 2394/2394 2343/2343
f 2395/2395 2394/2394 2344/2344
f 2345/2345 2395/2395 2344/2344
f 2396/2396 2395/2395 2345/2345
f 2346/2346 2396/2396 2345/2345
f 2397/2397 2396/2396 2346/2346
f 2347/2347 2397/2397 2346/2346
f 2398/2398 2397/2397 2347/2347
f 2348/2348 2398/2398 2347/2347
f 2399/2399 2398/2398 2348/2348
f 2349/2349 2399/2399 2348/2348
f 2400/2400 2399/2399 2349/2349
f 2350/2350 2400/2400 2349/2349
f 2402/2402 2401/2401 2351/2351
f 2352/2352 2402/2402 2351/2351
f 2403/2403 2402/2402 2352/2352
f 2353/2353 2403/2403 2352/2352
f 2404/2404 2403/2403 2353/2353
f 2354/2354 2404/2404 2353/2353
f 2405/2405 2404/2404 2354/2354
f 2355/2355 2405/2405 2354/2354
f 2406/2406 2405/2405 2355/2355
f 2356/2356 2406/2406 2355/2355
f 2407/2407 2406/2406 2356/2356
f 2357/2357 2407/2407 2356/2356
f 2408/2408 2407/2407 2357/2357
f 2358/2358 2408/2408 2357/2357
f 2409/2409 2408/2408 2358/2358
f 2359/2359 2409/2409 2358/2358
f 2410/2410 2409/2409 2359/2359
f 2360/2360 2410/2410 2359/2359
f 2411/2411 2410/2410 2360/2360
f 2361/2361 2411/2411 2360/2360
f 2412/2412 2411/2411 2361/2361
f 2362/2362 2412/2412 2361/2361
f 2413/2413 2412/2412 2362/2362
f 2363/2363 2413/2413 2362/2362
f 2414/2414 2413/2413 2363/2363
f 2364/2364 2414/2414 2363/2363
f 2415/2415 2414/2414 2364/2364
f 2365/2365 2415/2415 2364/2364
f 2416/2416 2415/2415 2365/2365
f 2366/2366 2416/2416 2365/2365
f 2417/2417 2416/2416 2366/2366
f 2367/2367 2417/2417 2366/2366
f 2418/2418 2417/2417 2367/2367
f 2368/2368 2418/2418 2367/2367
f 2419/2419 2418/2418 2368/2368
f 2369/2369 2419/2419 2368/2368
f 2420/2420 2419/2419 2369/2369
f 2370/2370 2420/2420 2369/2369
f 2421/2421 2420/2420 2370/2370
f 2371/2371 2421/2421 2370/2370
f 2422/2422 2421/2421 2371/2371
f 2372/2372 2422/2422 2371/2371
f 2423/2423 2422/2422 2372/2372
f 2373/2373 2423/2423 2372/2372
f 2424/2424 2423/2423 2373/2373
f 2374/2374 2424/2424 2373/2373
f 2425/2425 2424/2424 2374/2374
f 2375/2375 2425/2425 2374/2374
f 2426/2426 2425/2425 2375/2375
f 2376/2376 2426/2426 2375/2375
f 2427/2427 2426/2426 2376/2376
f 2377/2377 2427/2427 2376/2376
f 2428/2428 2427/2427 2377/2377
f 2378/2378 2428/2428 2377/2377
f 2429/2429 2428/2428 2378/2378
f 2379/2379 2429/2429 2378/2378
f 2430/2430 2429/2429 2379/2379
f 2380/2380 2430/2430 2379/2379
f 2431/2431 2430/2430 2380/2380
f 2381/2381 2431/2431 2380/2380
f 2432/2432 2431/2431 2381/2381
f 2382/2382 2432/2432 2381/2381
f 2433/2433 2432/2432 2382/2382
f 2383/2383 2433/2433 2382/2382
f 2434/2434 2433/2433 2383/2383
f 2384/2384 2434/2434 2383/2383
f 2435/2435 2434/2434 2384/2384
f 2385/2385 2435/2435 2384/2384
f 2436/2436 2435/2435 2385/2385
f 2386/2386 2436/2436 2385/2385
f 2437/2437 2436/2436 2386/2386
f 2387/2387 2437/2437 2386/2386
f 2438/2438 2437/2437 2387/2387
f 2388/2388 2438/2438 2387/2387
f 2439/2439 2438/2438 2388/2388
f 2389/2389 2439/2439 2388/2388
f 2440/2440 2439/2439 2389/2389
f 2390/2390 2440/2440 2389/2389
f 2441/2441 2440/2440 2390/2390
f 2391/2391 2441/2441 2390/2390
f 2442/2442 2441/2441 2391/2391
f 2392/2392 2442/2442 2391/2391
f 2443/2443 2442/2442 2392/2392
f 2393/2393 2443/2443 2392/2392
f 2444/2444 2443/2443 2393/2393
f 2394/2394 2444/2444 2393/2393
f 2445/2445 2444/2444 2394/2394
f 2395/2395 2445/2445 2394/2394
f 2446/2446 2445/2445 2395/2395
f 2396/2396 2446/2446 2395/2395
f 2447/2447 2446/2446 2396/2396
f 2397/2397 2447/2447 2396/2396
f 2448/2448 2447/2447 2397/2397
f 2398/2398 2448/2448 2397/2397
f 2449/2449 2448/2448 2398/2398
f 2399/2399 2449/2449 2398/2398
f 2450/2450 2449/2449 2399/2399
f 2400/2400 2450/2450 2399/2399
f 2452/2452 2451/2451 2401/2401
f 2402/2402 2452/2452 2401/2401
f 2453/2453 2452/2452 2402/2402
f 2403/2403 2453/2453 2402/2402
f 2454/2454 2453/2453 2403/2403
f 2404/2404 2454/2454 2403/2403
f 2455/2455 2454/2454 2404/2404
f 2405/2405 2455/2455 2404/2404
f 2456/2456 2455/2455 2405/2405
f 2406/2406 2456/2456 2405/2405
f 2457/2457 2456/2456 2406/2406
f 2407/2407 2457/2457 2406/2406
f 2458/2458 2457/2457 2407/2407
f 2408/2408 2458/2458 2407/2407
f 2459/2459 2458/2458 2408/2408
f 2409/2409 2459/2459 2408/2408
f 2460/2460 2459/2459 2409/2409
f 2410/2410 2460/2460 2409/2409
f 2461/2461 2460/2460 2410/2410
f 2411/2411 2461/2461 2410/2410
f 2462/2462 2461/2461 2411/2411
f 2412/2412 2462/2462 2411/2411
f 2463/2463 2462/2462 2412/2412
f 2413/2413 2463/2463 2412/2412
f 2464/2464 2463/2463 2413/2413
f 2414/2414 2464/2464 2413/2413
f 2465/2465 2464/2464 2414/2414
f 2415/2415 2465/2465 2414/2414
f 2466/2466 2465/2465 2415/2415
f 2416/2416 2466/2466 2415/2415
f 2467/2467 2466/2466 2416/2416
f 2417/2417 2467/2467 2416/2416
f 2468/2468 2467/2467 2417/2417
f 2418/2418 2468/2468 2417/2417
f 2469/2469 2468/2468 2418/2418
f 2419/2419 2469/2469 2418/2418
f 2470/2470 2469/2469 2419/2419
f 2420/2420 2470/2470 2419/2419
f 2471/2471 2470/2470 2420/2420
f 2421/2421 2471/2471 2420/2420
f 2472/2472 2471/2471 2421/2421
f 2422/2422 2472/2472 2421/2421
f 2473/2473 2472/2472 2422/2422
f 2423/2423 2473/2473 2422/2422
f 2474/2474 2473/2473 2423/2423
f 2424/2424 2474/2474 2423/2423
f 2475/2475 2474/2474 2424/2424
f 2425/2425 2475/2475 2424/2424
f 2476/2476 2475/2475 2425/2425
f 2426/2426 2476/2476 2425/2425
f 2477/2477 2476/2476 2426/2426
f 2427/2427 2477/2477 2426/2426
f 2478/2478 2477/2477 2427/2427
f 2428/2428 2478/2478 2427/2427
f 2479/2479 2478/2478 2428/2428
f 2429/2429 2479/2479 2428/2428
f 2480/2480 2479/2479 2429/2429
f 2430/2430 2480/2480 2429/2429
f 2481/2481 2480/2480 2430/2430
f 2431/2431 2481/2481 2430/2430
f 2482/2482 2481/2481 2431/2431
f 2432/2432 2482/2482 2431/2431
f 2483/2483 2482/2482 2432/2432
f 2433/2433 2483/2483 2432/2432
f 2484/2484 2483/2483 2433/2433
f 2434/2434 2484/2484 2433/2433
f 2485/2485 2484/2484 2434/2434
f 2435/2435 2485/2485 2434/2434
f 2486/2486 2485/2485 2435/2435
f 2436/2436 2486/2486 2435/2435
f 2487/2487 2486/2486 2436/2436
f 2437/2437 2487/2487 2436/2436
f 2488/2488 2487/2487 2437/2437
f 2438/2438 2488/2488 2437/2437
f 2489/2489 2488/2488 2438/2438
f 2439/2439 2489/2489 2438/2438
f 2490/2490 2489/2489 2439/2439
f 2440/2440 2490/2490 2439/2439
f 2491/2491 2490/2490 2440/2440
f 2441/2441 2491/2491 2440/2440
f 2492/2492 2491/2491 2441/2441
f 2442/2442 2492/2492 2441/2441
f 2493/2493 2492/2492 2442/2442
f 2443/2443 2493/2493 2442/2442
f 2494/2494 2493/2493 2443/2443
f 2444/2444 2494/2494 2443/2443
f 2495/2495 2494/2494 2444/2444
f 2445/2445 2495/2495 2444/2444
f 2496/2496 2495/2495 2445/2445
f 2446/2446 2496/2496 2445/2445
f 2497/2497 2496/2496 2446/2446
f 2447/2447 2497/2497 2446/2446
f 2498/2498 2497/2497 2447/2447
f 2448/2448 2498/2498 2447/2447
f 2499/2499 2498/2498 2448/2448
f 2449/2449 2499/2499 2448/2448
f 2500/2500 2499/2499 2449/2449
f 2450/2450 2500/2500 2449/2449
f 1/1 1/1 1/1
f 1/1 1/1 1/1
f 1/1 1/1 1/1
f 1/1 1/1 1/1
f 1/1 1/1 1/1
f 1/1 1/1 1/1
f 1/1 1/1 1/1
f 1/1 1/1 1/1
f 1/1 1/1 1/1
f 1/1 1/1 1/1
f 1/1 1/1 1/1
f 1/1 1/1 1/1
f 1/1 1/1 1/1
f 1/1 1/1 1/1
f 1/1 1/1 1/1
f 1/1 1/1 1/1
f 1/1 1/1 1/1
f 1/1 1/1 1/1
f 1/1 1/1 1/1
f 1/1 1/1 1/1
f 1/1 1/1 1/1
f 1/1 1/1 1/1
f 1/1 1/1 1/1
f 1/1 1/1 1/1
f 1/1 1/1 1/1
f 1/1 1/1 1/1
f 1/1 1/1 1/1
f 1/1 1/1 1/1
f 1/1 1/1 1/1
f 1/1 1/1 1/1
f 1/1 1/1 1/1
f 1/1 1/1 1/1
f 1/1 1/1 1/1
f 1/1 1/1 1/1
f 1/1 1/1 1/1
f 1/1 1/1 1/1
f 1/1 1/1 1/1
f 1/1 1/1 1/1
f 1/1 1/1 1/1
f 1/1 1/1 1/1
f 1/1 1/1 1/1
f 1/1 1/1 1/1
f 1/1 1/1 1/1
f 1/1 1/1 1/1
f 1/1 1/1 1/1
f 1/1 1/1 1/1
f 1/1 1/1 1/1
f 1/1 1/1 1/1
f 1/1 1/1 1/1
f 1/1 1/1 1/1
f 1/1 1/1 1/1
f 1/1 1/1 1/1
f 1/1 1/1 1/1
f 1/1 1/1 1/1
f 1/1 1/1 1/1
f 1/1 1/1 1/1
f 1/1 1/1 1/1
f 1/1 1/1 1/1
f 1/1 1/1 1/1
f 1/1 1/1 1/1
f 1/1 1/1 1/1
f 1/1 1/1 1/1
f 1/1 1/1 1/1
f 1/1 1/1 1/1
f 1/1 1/1 1/1
f 1/1 1/1 1/1
f 1/1 1/1 1/1
f 1/1 1/1 1/1
f 1/1 1/1 1/1
f 1/1 1/1 1/1
f 1/1 1/1 1/1
f 1/1 1/1 1/1
f 1/1 1/1 1/1
f 1/1 1/1 1/1
f 1/1 1/1 1/1
f 1/1 1/1 1/1
f 1/1 1/1 1/1
f 1/1 1/1 1/1
f 1/1 1/1 1/1
f 1/1 1/1 1/1
f 1/1 1/1 1/1
f 1/1 1/1 1/1
f 1/1 1/1 1/1
f 1/1 1/1 1/1
f 1/1 1/1 1/1
f 1/1 1/1 1/1
f 1/1 1/1 1/1
f 1/1 1/1 1/1
f 1/1 1/1 1/1
f 1/1 1/1 1/1
f 1/1 1/1 1/1
f 1/1 1/1 1/1
f 1/1 1/1 1/1
f 1/1 1/1 1/1
f 1/1 1/1 1/1
f 1/1 1/1 1/1
f 1/1 1/1 1/1
f 1/1 1/1 1/1
f 1/1 1/1 1/1
f 1/1 1/1 1/1
f 1/1 1/1 1/1
f 1/1 1/1 1/1
f 1/1 1/1 1/1
f 1/1 1/1 1/1
f 1/1 1/1 1/1
f 1/1 1/1 1/1
f 1/1 1/1 1/1
f 1/1 1/1 1/1
f 1/1 1/1 1/1
f 1/1 1/1 1/1
f 1/1 1/1 1/1
f 1/1 1/1 1/1
f 1/1 1/1 1/1
f 1/1 1/1 1/1
f 1/1 1/1 1/1
f 1/1 1/1 1/1
f 1/1 1/1 1/1
f 1/1 1/1 1/1
f 1/1 1/1 1/1
f 1/1 1/1 1/1
f 1/1 1/1 1/1
f 1/1 1/1 1/1
f 1/1 1/1 1/1
f 1/1 1/1 1/1
f 1/1 1/1 1/1
f 1/1 1/1 1/1
f 1/1 1/1 1/1
f 1/1 1/1 1/1
f 1/1 1/1 1/1
f 1/1 1/1 1/1
f 1/1 1/1 1/1
f 1/1 1/1 1/1
f 1/1 1/1 1/1
f 1/1 1/1 1/1
f 1/1 1/1 1/1
f 1/1 1/1 1/1
f 1/1 1/1 1/1
f 1/1 1/1 1/1
f 1/1 1/1 1/1
f 1/1 1/1 1/1
f 1/1 1/1 1/1
f 1/1 1/1 1/1
f 1/1 1/1 1/1
f 1/1 1/1 1/1
f 1/1 1/1 1/1
f 1/1 1/1 1/1
f 1/1 1/1 1/1
f 1/1 1/1 1/1
f 1/1 1/1 1/1
f 1/1 1/1 1/1
f 1/1 1/1 1/1
f 1/1 1/1 1/1
f 1/1 1/1 1/1
f 1/1 1/1 1/1
f 1/1 1/1 1/1
f 1/1 1/1 1/1
f 1/1 1/1 1/1
f 1/1 1/1 1/1
f 1/1 1/1 1/1
f 1/1 1/1 1/1
f 1/1 1/1 1/1
f 1/1 1/1 1/1
f 1/1 1/1 1/1
f 1/1 1/1 1/1
f 1/1 1/1 1/1
f 1/1 1/1 1/1
f 1/1 1/1 1/1
f 1/1 1/1 1/1
f 1/1 1/1 1/1
f 1/1 1/1 1/1
f 1/1 1/1 1/1
f 1/1 1/1 1/1
f 1/1 1/1 1/1
f 1/1 1/1 1/1
f 1/1 1/1 1/1
f 1/1 1/1 1/1
f 1/1 1/1 1/1
f 1/1 1/1 1/1
f 1/1 1/1 1/1
f 1/1 1/1 1/1
f 1/1 1/1 1/1
f 1/1 1/1 1/1
f 1/1 1/1 1/1
f 1/1 1/1 1/1
f 1/1 1/1 1/1
f 1/1 1/1 1/1
f 1/1 1/1 1/1
f 1/1 1/1 1/1
f 1/1 1/1 1/1
f 1/1 1/1 1/1
f 1/1 1/1 1/1
f 1/1 1/1 1/1
f 1/1 1/1 1/1
f 1/1 1/1 1/1
f 1/1 1/1 1/1
f 1/1 1/1 1/1
f 1/1 1/1 1/1
f 1/1 1/1 1/1

